J,O,H,O,R
PHYSIOTHERAPY,OCCUPATIONAL THERAPY,"SPEECH
THERAPY",PSYCHOLOGY,CONSULTATION,ASSESSMENT & REPORT,FUNCTIONAL CAPACITY EVALUATION & REPORT,ADMINISTRATION SERVICES,HOSTEL,"DRY NEEDLING/
ACUPUNCTURE",SERVICES BY MODALITIES,SERVICES BY PACKAGE
PHYSIOTHERAPY,OCCUPATIONAL THERAPY,"SPEECH
THERAPY",PSYCHOLOGY,CONSULTATION,ASSESSMENT & REPORT,FUNCTIONAL CAPACITY EVALUATION & REPORT,ADMINISTRATION SERVICES,HOSTEL,"DRY NEEDLING/
ACUPUNCTURE",SERVICES BY MODALITIES,SERVICES BY PACKAGE
PHYSIOTHERAPY,OCCUPATIONAL THERAPY,"SPEECH
THERAPY",PSYCHOLOGY,CONSULTATION,ASSESSMENT & REPORT,FUNCTIONAL CAPACITY EVALUATION & REPORT,ADMINISTRATION SERVICES,HOSTEL,"DRY NEEDLING/
ACUPUNCTURE",SERVICES BY MODALITIES,SERVICES BY PACKAGE
PHYSIOTHERAPY,OCCUPATIONAL THERAPY,"SPEECH
THERAPY",PSYCHOLOGY,CONSULTATION,ASSESSMENT & REPORT,FUNCTIONAL CAPACITY EVALUATION & REPORT,ADMINISTRATION SERVICES,HOSTEL,"DRY NEEDLING/
ACUPUNCTURE",SERVICES BY MODALITIES,SERVICES BY PACKAGE
PHYSIOTHERAPY,OCCUPATIONAL THERAPY,"SPEECH
THERAPY",PSYCHOLOGY,CONSULTATION,ASSESSMENT & REPORT,FUNCTIONAL CAPACITY EVALUATION & REPORT,ADMINISTRATION SERVICES,HOSTEL,"DRY NEEDLING/
ACUPUNCTURE",SERVICES BY MODALITIES,SERVICES BY PACKAGE
PHYSIOTHERAPY,OCCUPATIONAL THERAPY,"SPEECH
THERAPY",PSYCHOLOGY,CONSULTATION,ASSESSMENT & REPORT,FUNCTIONAL CAPACITY EVALUATION & REPORT,ADMINISTRATION SERVICES,HOSTEL,"DRY NEEDLING/
ACUPUNCTURE",SERVICES BY MODALITIES,SERVICES BY PACKAGE
PHYSIOTHERAPY,OCCUPATIONAL THERAPY,"SPEECH
THERAPY",PSYCHOLOGY,CONSULTATION,ASSESSMENT & REPORT,FUNCTIONAL CAPACITY EVALUATION & REPORT,ADMINISTRATION SERVICES,HOSTEL,"DRY NEEDLING/
ACUPUNCTURE",SERVICES BY MODALITIES,SERVICES BY PACKAGE
PHYSIOTHERAPY,OCCUPATIONAL THERAPY,"SPEECH
THERAPY",PSYCHOLOGY,CONSULTATION,ASSESSMENT & REPORT,FUNCTIONAL CAPACITY EVALUATION & REPORT,ADMINISTRATION SERVICES,HOSTEL,"DRY NEEDLING/
ACUPUNCTURE",SERVICES BY MODALITIES,SERVICES BY PACKAGE
PHYSIOTHERAPY,OCCUPATIONAL THERAPY,"SPEECH
THERAPY",PSYCHOLOGY,CONSULTATION,ASSESSMENT & REPORT,FUNCTIONAL CAPACITY EVALUATION & REPORT,ADMINISTRATION SERVICES,HOSTEL,"DRY NEEDLING/
ACUPUNCTURE",SERVICES BY MODALITIES,SERVICES BY PACKAGE
PHYSIOTHERAPY,OCCUPATIONAL THERAPY,"SPEECH
THERAPY",PSYCHOLOGY,CONSULTATION,ASSESSMENT & REPORT,FUNCTIONAL CAPACITY EVALUATION & REPORT,ADMINISTRATION SERVICES,HOSTEL,"DRY NEEDLING/
ACUPUNCTURE",SERVICES BY MODALITIES,SERVICES BY PACKAGE
PHYSIOTHERAPY,OCCUPATIONAL THERAPY,"SPEECH
THERAPY",PSYCHOLOGY,CONSULTATION,ASSESSMENT & REPORT,FUNCTIONAL CAPACITY EVALUATION & REPORT,ADMINISTRATION SERVICES,HOSTEL,"DRY NEEDLING/
ACUPUNCTURE",SERVICES BY MODALITIES,SERVICES BY PACKAGE
PHYSIOTHERAPY,OCCUPATIONAL THERAPY,"SPEECH
THERAPY",PSYCHOLOGY,CONSULTATION,ASSESSMENT & REPORT,FUNCTIONAL CAPACITY EVALUATION & REPORT,ADMINISTRATION SERVICES,HOSTEL,"DRY NEEDLING/
ACUPUNCTURE",SERVICES BY MODALITIES,SERVICES BY PACKAGE
PHYSIOTHERAPY,OCCUPATIONAL THERAPY,"SPEECH
THERAPY",PSYCHOLOGY,CONSULTATION,ASSESSMENT & REPORT,FUNCTIONAL CAPACITY EVALUATION & REPORT,ADMINISTRATION SERVICES,HOSTEL,"DRY NEEDLING/
ACUPUNCTURE",SERVICES BY MODALITIES,SERVICES BY PACKAGE
PHYSIOTHERAPY,OCCUPATIONAL THERAPY,"SPEECH
THERAPY",PSYCHOLOGY,CONSULTATION,ASSESSMENT & REPORT,FUNCTIONAL CAPACITY EVALUATION & REPORT,ADMINISTRATION SERVICES,HOSTEL,"DRY NEEDLING/
ACUPUNCTURE",SERVICES BY MODALITIES,SERVICES BY PACKAGE
PHYSIOTHERAPY,OCCUPATIONAL THERAPY,"SPEECH
THERAPY",PSYCHOLOGY,CONSULTATION,ASSESSMENT & REPORT,FUNCTIONAL CAPACITY EVALUATION & REPORT,ADMINISTRATION SERVICES,HOSTEL,"DRY NEEDLING/
ACUPUNCTURE",SERVICES BY MODALITIES,SERVICES BY PACKAGE
PHYSIOTHERAPY,OCCUPATIONAL THERAPY,"SPEECH
THERAPY",PSYCHOLOGY,CONSULTATION,ASSESSMENT & REPORT,FUNCTIONAL CAPACITY EVALUATION & REPORT,ADMINISTRATION SERVICES,HOSTEL,"DRY NEEDLING/
ACUPUNCTURE",SERVICES BY MODALITIES,SERVICES BY PACKAGE
PHYSIOTHERAPY,OCCUPATIONAL THERAPY,"SPEECH
THERAPY",PSYCHOLOGY,CONSULTATION,ASSESSMENT & REPORT,FUNCTIONAL CAPACITY EVALUATION & REPORT,ADMINISTRATION SERVICES,HOSTEL,"DRY NEEDLING/
ACUPUNCTURE",SERVICES BY MODALITIES,SERVICES BY PACKAGE
PHYSIOTHERAPY,OCCUPATIONAL THERAPY,"SPEECH
THERAPY",PSYCHOLOGY,CONSULTATION,ASSESSMENT & REPORT,FUNCTIONAL CAPACITY EVALUATION & REPORT,ADMINISTRATION SERVICES,HOSTEL,"DRY NEEDLING/
ACUPUNCTURE",SERVICES BY MODALITIES,SERVICES BY PACKAGE
PHYSIOTHERAPY,OCCUPATIONAL THERAPY,"SPEECH
THERAPY",PSYCHOLOGY,CONSULTATION,ASSESSMENT & REPORT,FUNCTIONAL CAPACITY EVALUATION & REPORT,ADMINISTRATION SERVICES,HOSTEL,"DRY NEEDLING/
ACUPUNCTURE",SERVICES BY MODALITIES,SERVICES BY PACKAGE
