"STATE_CODE","ZONE_CODE","SERVICE_TYPE","SERVICE","PANEL_CODE","PRICE_BY_SESSION","ADDBY","UPDBY"
JOHOR,PHYSIOTHERAPY,Physiotherapy Treatment,SINAR REHABILITATION CENTRE (SEGAMAT),80.0
JOHOR,PHYSIOTHERAPY,Physiotherapy Treatment,REHAB HEALTHCARE SDN BHD (KLUANG),80.0
JOHOR,PHYSIOTHERAPY,Physiotherapy Treatment,KLUANG UTAMA SPECIALIST HOSPITAL (KLUANG),80.0
JOHOR,PHYSIOTHERAPY,Physiotherapy Treatment,JB PHYSIOTHERAPY SDN BHD (JB),80.0
JOHOR,PHYSIOTHERAPY,Physiotherapy Treatment,GREAT LIFE PHYSIO & REHABILITATION (JB),80.0
JOHOR,PHYSIOTHERAPY,Physiotherapy Treatment,BP PHYSIOTHERAPY CENTRE (BATU PAHAT),80.0
JOHOR,PHYSIOTHERAPY,Physiotherapy Treatment,TAGS SPINE & JOINT SPECIALISTS (JB),70.0
JOHOR,PHYSIOTHERAPY,Physiotherapy Treatment,EPISODE FISIOTERAPI DAN PEMULIHAN (BATU PAHAT),80.0
JOHOR,PHYSIOTHERAPY,Physiotherapy Treatment,"PANTAI INTEGRATED REHAB SERVICES SDN BHD, HOSPITAL PANTAI BATU PAHAT",80.0
JOHOR,PHYSIOTHERAPY,Physiotherapy Treatment,"PHYSIOMOBILEMY SERVICES, PMMY GROUP SDN BHD (JB)",80.0
JOHOR,OCCUPATIONAL THERAPY,Occupational Therapy Treatment,"PANTAI INTEGRATED REHAB SERVICES SDN BHD, HOSPITAL PANTAI BATU PAHAT",85.0
JOHOR,SPEECH THERAPY,Speech Therapy Treatment,"PANTAI INTEGRATED REHAB SERVICES SDN BHD, HOSPITAL PANTAI BATU PAHAT",130.0
JOHOR,PHYSIOTHERAPY,Home Therapy + Mileage,REHAB HEALTHCARE SDN BHD (KLUANG),100.0
JOHOR,PHYSIOTHERAPY,Home Therapy + Mileage,GREAT LIFE PHYSIO & REHABILITATION (JB),110.0
JOHOR,PHYSIOTHERAPY,Home Therapy + Mileage,BP PHYSIOTHERAPY CENTRE (BATU PAHAT),80.0
JOHOR,PHYSIOTHERAPY,Home Therapy + Mileage,EPISODE FISIOTERAPI DAN PEMULIHAN (BATU PAHAT),100.0
JOHOR,PHYSIOTHERAPY,Home Therapy + Mileage,"PHYSIOMOBILEMY SERVICES, PMMY GROUP SDN BHD (JB)",110.0
JOHOR,PHYSIOTHERAPY,Home Therapy + Mileage,HMC PROVIDERS SDN BHD (SHAH ALAM),110.0
JOHOR,FUNCTIONAL CAPACITY EVALUATION & REPORT,Basic FCE,SINAR REHABILITATION CENTRE (SEGAMAT),95.0
JOHOR,SERVICES BY PACKAGE,Pakej - Neuro Rehab,SINAR REHABILITATION CENTRE (SEGAMAT),45.0
JOHOR,SERVICES BY PACKAGE,Pakej - Neuro Rehab,JB PHYSIOTHERAPY SDN BHD (JB),70.0
JOHOR,SERVICES BY PACKAGE,Pakej - Neuro Rehab,BP PHYSIOTHERAPY CENTRE (BATU PAHAT),80.0
JOHOR,PHYSIOTHERAPY,CHEST PHYSIOTHERAPY MANUAL,EPISODE FISIOTERAPI DAN PEMULIHAN (BATU PAHAT),20.0
JOHOR,PHYSIOTHERAPY,CHEST PHYSIOTHERAPY SUCTION MACHINE,EPISODE FISIOTERAPI DAN PEMULIHAN (BATU PAHAT),30.0
MELAKA,PHYSIOTHERAPY,Physiotherapy Treatment,TAGS SPINE & JOINT SPECIALISTS (MELAKA),70.0
MELAKA,PHYSIOTHERAPY,Physiotherapy Treatment,EZ PHYSIOTHERAPY CENTER (MELAKA),70.0
MELAKA,PHYSIOTHERAPY,Home Therapy + Mileage,EZ PHYSIOTHERAPY CENTER (MELAKA),100.0
MELAKA,PHYSIOTHERAPY,Home Therapy + Mileage,HMC PROVIDERS SDN BHD (SHAH ALAM),110.0
N9,PHYSIOTHERAPY,Physiotherapy Treatment,NSCMH MEDICAL CENTRE (SEREMBAN),90.0
N9,PHYSIOTHERAPY,Physiotherapy Treatment,SALAM SENAWANG SPECIALIST CENTRE (SENAWANG),90.0
N9,PHYSIOTHERAPY,Physiotherapy Treatment,TAGS SPINE & JOINT SPECIALISTS (SEREMBAN),70.0
N9,PHYSIOTHERAPY,Physiotherapy Treatment,"BAINS PHYSIO, BAINS THERAPEUTICS CENTRE SDN BHD (NILAI)",80.0
N9,PHYSIOTHERAPY,Physiotherapy Treatment,KPJ SEREMBAN SPECIALIST HOSPITAL (SEREMBAN),80.0
N9,PHYSIOTHERAPY,Physiotherapy Treatment,SE SENAWANG PHYSIOTHERAPY & HOME REHAB CENTRE,80.0
N9,OCCUPATIONAL THERAPY,Occupational Therapy Treatment,KPJ SEREMBAN SPECIALIST HOSPITAL (SEREMBAN),87.0
N9,OCCUPATIONAL THERAPY,Occupational Therapy Treatment,SE SENAWANG PHYSIOTHERAPY & HOME REHAB CENTRE,80.0
N9,SPEECH THERAPY,Speech Therapy Treatment,KPJ SEREMBAN SPECIALIST HOSPITAL (SEREMBAN),130.0
N9,PHYSIOTHERAPY,Home Therapy + Mileage,"BAINS PHYSIO, BAINS THERAPEUTICS CENTRE SDN BHD (NILAI)",100.0
N9,PHYSIOTHERAPY,Home Therapy + Mileage,TAGS SPINE & JOINT SPECIALISTS (MELAKA),100.0
N9,PHYSIOTHERAPY,Home Therapy + Mileage,SE SENAWANG PHYSIOTHERAPY & HOME REHAB CENTRE,100.0
N9,ASSESSMENT & REPORT,General Pt Assessment & Report,NSCMH MEDICAL CENTRE (SEREMBAN),90.0
N9,ASSESSMENT & REPORT,General Pt Assessment & Report,"BAINS PHYSIO, BAINS THERAPEUTICS CENTRE SDN BHD (NILAI)",80.0
N9,ASSESSMENT & REPORT,Speech Therapy Assessment & Report,KPJ SEREMBAN SPECIALIST HOSPITAL (SEREMBAN),200.0
N9,FUNCTIONAL CAPACITY EVALUATION & REPORT,Basic FCE,"BAINS PHYSIO, BAINS THERAPEUTICS CENTRE SDN BHD (NILAI)",80.0
N9,FUNCTIONAL CAPACITY EVALUATION & REPORT,Basic FCE,KPJ SEREMBAN SPECIALIST HOSPITAL (SEREMBAN),113.0
N9,DRY NEEDLING/ACUPUNCTURE,Dry Needling Package,"BAINS PHYSIO, BAINS THERAPEUTICS CENTRE SDN BHD (NILAI)",40.0
N9,SERVICES BY PACKAGE,Pakej - Neuro Rehab,SALAM SENAWANG SPECIALIST CENTRE (SENAWANG),90.0
N9,SERVICES BY PACKAGE,Pakej - Spine/Back Injury,NSCMH MEDICAL CENTRE (SEREMBAN),90.0
N9,SERVICES BY PACKAGE,Pakej - Spine/Back Injury,SALAM SENAWANG SPECIALIST CENTRE (SENAWANG),90.0
N9,SERVICES BY PACKAGE,Pakej - Cardiac Rehab,SALAM SENAWANG SPECIALIST CENTRE (SENAWANG),90.0
N9,SERVICES BY PACKAGE,Pakej - 3 Electrical Modalities/ More,NSCMH MEDICAL CENTRE (SEREMBAN),90.0
N9,SERVICES BY MODALITIES,Advance Equipment - Shock Wave Therapy,KPJ SEREMBAN SPECIALIST HOSPITAL (SEREMBAN),85.0
PERLIS,PHYSIOTHERAPY,Physiotherapy Treatment,APOLLO PHYSIOTHERAPY CENTRE,50.0
KEDAH,PHYSIOTHERAPY,Physiotherapy Treatment,DOCUMENTATION BASED CARE (DBC ALOR SETAR),143.0
KEDAH,PHYSIOTHERAPY,Physiotherapy Treatment,LIFECARE PHYSIOTHERAPY CENTRE (SUNGAI PETANI),60.0
KEDAH,PHYSIOTHERAPY,Physiotherapy Treatment,MEDYNA PHYSIO AND REHAB SERVICES (ALOR SETAR),60.0
KEDAH,PHYSIOTHERAPY,Physiotherapy Treatment,LANGKAWAI PHYSIOTHERAPY CENTRE (LANGKAWI),60.0
KEDAH,PHYSIOTHERAPY,Physiotherapy Treatment,PHYSIOTHERAPY KULIM CENTRE (KULIM),60.0
KEDAH,PHYSIOTHERAPY,Physiotherapy Treatment,BAINS PHYSIO (ALOR SETAR),80.0
KEDAH,OCCUPATIONAL THERAPY,Occupational Therapy Treatment,MEDYNA PHYSIO AND REHAB SERVICES (ALOR SETAR),60.0
KEDAH,SPEECH THERAPY,Speech Therapy Treatment,MEDYNA PHYSIO AND REHAB SERVICES (ALOR SETAR),80.0
KEDAH,PHYSIOTHERAPY,Home Therapy + Mileage,MEDYNA PHYSIO AND REHAB SERVICES (ALOR SETAR),110.0
KEDAH,PHYSIOTHERAPY,Home Therapy + Mileage,LANGKAWAI PHYSIOTHERAPY CENTRE (LANGKAWI),100.0
KEDAH,PHYSIOTHERAPY,Home Therapy + Mileage,PHYSIOTHERAPY KULIM CENTRE (KULIM),110.0
KEDAH,PHYSIOTHERAPY,Home Therapy + Mileage,BAINS PHYSIO (ALOR SETAR),100.0
KEDAH,PHYSIOTHERAPY,Home Therapy + Mileage,HMC PROVIDERS SDN BHD (SHAH ALAM),110.0
KEDAH,ASSESSMENT & REPORT,General Pt Assessment & Report,DOCUMENTATION BASED CARE (DBC ALOR SETAR),195.0
KEDAH,ASSESSMENT & REPORT,General Pt Assessment & Report,BAINS PHYSIO (ALOR SETAR),80.0
KEDAH,FUNCTIONAL CAPACITY EVALUATION & REPORT,Basic FCE,DOCUMENTATION BASED CARE (DBC ALOR SETAR),220.0
KEDAH,FUNCTIONAL CAPACITY EVALUATION & REPORT,Basic FCE,BAINS PHYSIO (ALOR SETAR),80.0
KEDAH,DRY NEEDLING/ACUPUNCTURE,Dry Needling Package,BAINS PHYSIO (ALOR SETAR),40.0
KEDAH,SERVICES BY PACKAGE,Pakej - Spine/Back Injury,PUSAT RAWATAN FISIOTERAPI IMPIANA,70.0
KEDAH,SERVICES BY PACKAGE,Pakej - Neck Injury,PUSAT RAWATAN FISIOTERAPI IMPIANA,70.0
PP,PHYSIOTHERAPY,Physiotherapy Treatment,WELL PHYSIO SDN BHD (BUKIT MERTAJAM),55.0
PP,PHYSIOTHERAPY,Physiotherapy Treatment,DEE B.M. PHYSIOTHERAPY & REHABILITATION CENTRE (BUKIT MERTAJAM),80.0
PP,PHYSIOTHERAPY,Physiotherapy Treatment,TAGS SPINE & JOINT SPECIALISTS (PENANG) - BAYAN LEPAS,70.0
PP,PHYSIOTHERAPY,Physiotherapy Treatment,RESTORE PHYSIO & REHAB CENTRE (KEPALA BATAS),50.0
PP,PHYSIOTHERAPY,Physiotherapy Treatment,OUR PHYSIO SDN BHD (BAYAN LEPAS),70.0
PP,OCCUPATIONAL THERAPY,Occupational Therapy Treatment,OUR PHYSIO SDN BHD (BAYAN LEPAS),70.0
PP,SPEECH THERAPY,Speech Therapy Treatment,OUR PHYSIO SDN BHD (BAYAN LEPAS),120.0
PP,PHYSIOTHERAPY,Home Therapy + Mileage,DEE B.M. PHYSIOTHERAPY & REHABILITATION CENTRE (BUKIT MERTAJAM),90.0
PP,PHYSIOTHERAPY,Home Therapy + Mileage,OUR PHYSIO SDN BHD (BAYAN LEPAS),95.0
PP,PHYSIOTHERAPY,Home Therapy + Mileage,HMC PROVIDERS SDN BHD (SHAH ALAM),110.0
PP,ASSESSMENT & REPORT,General Pt Assessment & Report,OUR PHYSIO SDN BHD (BAYAN LEPAS),35.0
PP,DRY NEEDLING/ACUPUNCTURE,Dry Needling Package,WELL PHYSIO SDN BHD (BUKIT MERTAJAM),35.0
PP,SERVICES BY PACKAGE,Pakej - Neuro Rehab,RESTORE PHYSIO & REHAB CENTRE (KEPALA BATAS),60.0
PP,SERVICES BY MODALITIES,Advance Equipment - Shock Wave Therapy,WELL PHYSIO SDN BHD (BUKIT MERTAJAM),85.0
PERAK,PHYSIOTHERAPY,Physiotherapy Treatment,DIAMAGNETIC PHYSIO CENTRE SDN BHD (CHERAS),80.0
PERAK,PHYSIOTHERAPY,Physiotherapy Treatment,PHYSIOACTIVE REHAB & HEALTHCARE CENTRE (TELUK INTAN),70.0
PERAK,PHYSIOTHERAPY,Physiotherapy Treatment,PAIN PARALYSIS PHYSIOTHERAPY CENTRE (IPOH),70.0
PERAK,PHYSIOTHERAPY,Physiotherapy Treatment,DOCUMENTATION BASED CARE (DBC IPOH),143.0
PERAK,PHYSIOTHERAPY,Physiotherapy Treatment,COLUMBIA ASIA HOSPITAL TAIPING (TAIPING),80.0
PERAK,PHYSIOTHERAPY,Physiotherapy Treatment,ANSON BAY MEDICAL CENTRE (TELUK INTAN),70.0
PERAK,PHYSIOTHERAPY,Physiotherapy Treatment,REHAB CARE PHYSIOTHERAPY CENTRE (SITIAWAN),70.0
PERAK,PHYSIOTHERAPY,Physiotherapy Treatment,TAGS SPINE & JOINT SPECIALISTS (IPOH),70.0
PERAK,PHYSIOTHERAPY,Physiotherapy Treatment,DIAMAGNETIC PHYSIO CENTRE SDN BHD (IPOH),135.0
PERAK,PHYSIOTHERAPY,Physiotherapy Treatment,YAYASAN SULTAN IDRIS SHAH BAGI ORANG KURANG UPAYA PERAK (IPOH),30.0
PERAK,PHYSIOTHERAPY,Physiotherapy Treatment,C KAY FITNESS RESOURCES,70.0
PERAK,OCCUPATIONAL THERAPY,Occupational Therapy Treatment,YAYASAN SULTAN IDRIS SHAH BAGI ORANG KURANG UPAYA PERAK (IPOH),30.0
PERAK,SPEECH THERAPY,Speech Therapy Treatment,YAYASAN SULTAN IDRIS SHAH BAGI ORANG KURANG UPAYA PERAK (IPOH),50.0
PERAK,PHYSIOTHERAPY,HYDROTHERAPY,YAYASAN SULTAN IDRIS SHAH BAGI ORANG KURANG UPAYA PERAK (IPOH),20.0
PERAK,PHYSIOTHERAPY,Home Therapy + Mileage,REHAB CARE PHYSIOTHERAPY CENTRE (SITIAWAN),80.0
PERAK,PHYSIOTHERAPY,Home Therapy + Mileage,HMC PROVIDERS SDN BHD (SHAH ALAM),110.0
PERAK,PHYSIOTHERAPY,Home Therapy + Mileage,C KAY FITNESS RESOURCES,90.0
PERAK,CONSULTATION,Medical Officer (Initial Session),YAYASAN SULTAN IDRIS SHAH BAGI ORANG KURANG UPAYA PERAK (IPOH),50.0
PERAK,ASSESSMENT & REPORT,General Pt Assessment & Report,DOCUMENTATION BASED CARE (DBC IPOH),195.0
PERAK,FUNCTIONAL CAPACITY EVALUATION & REPORT,Basic FCE,DOCUMENTATION BASED CARE (DBC IPOH),220.0
PERAK,SERVICES BY PACKAGE,Pakej - Neuro Rehab,DIAMAGNETIC PHYSIO CENTRE SDN BHD (CHERAS),145.0
PERAK,SERVICES BY PACKAGE,Pakej - Pain Management,DIAMAGNETIC PHYSIO CENTRE SDN BHD (IPOH),95.0
PERAK,SERVICES BY PACKAGE,Pakej - Pain Management,YAYASAN SULTAN IDRIS SHAH BAGI ORANG KURANG UPAYA PERAK (IPOH),50.0
PERAK,SERVICES BY PACKAGE,Pakej - General Exercise,DIAMAGNETIC PHYSIO CENTRE SDN BHD (IPOH),60.0
PAHANG,PHYSIOTHERAPY,Physiotherapy Treatment,KUANTAN MEDICAL CENTRE (KUANTAN),80.0
PAHANG,PHYSIOTHERAPY,Physiotherapy Treatment,KPJ PAHANG SPECIALIST HOSPITAL SDN BHD (KUANTAN),80.0
PAHANG,PHYSIOTHERAPY,Physiotherapy Treatment,ACE PHYSIOTHERAPY CENTRE (CAMERON HIGHLANDS),80.0
PAHANG,PHYSIOTHERAPY,Home Therapy + Mileage,HMC PROVIDERS SDN BHD (SHAH ALAM),110.0
PAHANG,SERVICES BY PACKAGE,Pakej - Neuro Rehab,KUANTAN MEDICAL CENTRE (KUANTAN),80.0
PAHANG,SERVICES BY PACKAGE,Pakej - Neuro Rehab,KPJ PAHANG SPECIALIST HOSPITAL SDN BHD (KUANTAN),80.0
PAHANG,SERVICES BY PACKAGE,Pakej - Spine/Back Injury,KPJ PAHANG SPECIALIST HOSPITAL SDN BHD (KUANTAN),80.0
PAHANG,SERVICES BY PACKAGE,Pakej - Sport Rehab,KPJ PAHANG SPECIALIST HOSPITAL SDN BHD (KUANTAN),80.0
PAHANG,SERVICES BY PACKAGE,Pakej - 3 Electrical Modalities/ More,KUANTAN MEDICAL CENTRE (KUANTAN),80.0
PAHANG,SERVICES BY MODALITIES,Advance Equipment - Shock Wave Therapy,KPJ PAHANG SPECIALIST HOSPITAL SDN BHD (KUANTAN),80.0
KELANTAN,PHYSIOTHERAPY,Physiotherapy Treatment,PHYSIOTHERAPY AND OCCUPATIONAL THERAPY CENTRE (POTCKB),70.0
KELANTAN,PHYSIOTHERAPY,Physiotherapy Treatment,"FLEX PHYSIOTHERAPY
(KT0427207-X)",70.0
KELANTAN,OCCUPATIONAL THERAPY,Occupational Therapy Treatment,PHYSIOTHERAPY AND OCCUPATIONAL THERAPY CENTRE (POTCKB),70.0
KELANTAN,SPEECH THERAPY,Speech Therapy Treatment,PHYSIOTHERAPY AND OCCUPATIONAL THERAPY CENTRE (POTCKB),70.0
KELANTAN,PHYSIOTHERAPY,HYDROTHERAPY,PHYSIOTHERAPY AND OCCUPATIONAL THERAPY CENTRE (POTCKB),50.0
KELANTAN,PHYSIOTHERAPY,Home Therapy + Mileage,PHYSIOTHERAPY AND OCCUPATIONAL THERAPY CENTRE (POTCKB),100.0
KELANTAN,PHYSIOTHERAPY,Home Therapy + Mileage,HMC PROVIDERS SDN BHD (SHAH ALAM),110.0
TERENGGANU,PHYSIOTHERAPY,Physiotherapy Treatment,ALL REHAB SDN BHD,80.0
TERENGGANU,PHYSIOTHERAPY,Home Therapy + Mileage,HMC PROVIDERS SDN BHD (SHAH ALAM),110.0
SABAH,PHYSIOTHERAPY,Physiotherapy Treatment,BIOREHAB PHYSIOTHERAPY SDN BHD (LABUAN),80.0
SABAH,PHYSIOTHERAPY,Physiotherapy Treatment,BIOREHAB PHYSIOTHERAPY SDN BHD (KOTA KINABALU),80.0
SABAH,PHYSIOTHERAPY,Physiotherapy Treatment,BIOREHAB PHYSIOTHERAPY SDN BHD (SANDAKAN),80.0
SABAH,PHYSIOTHERAPY,Physiotherapy Treatment,BERKAT PHYSIOTHERAPY CENTRE (SANDAKAN),80.0
SABAH,PHYSIOTHERAPY,Physiotherapy Treatment,K.K PHYSIOCARE SDN BHD (KK),100.0
SABAH,PHYSIOTHERAPY,Physiotherapy Treatment,MOVE WELL PHYSIOTHERAPY & REHABILITATION (KK),75.0
SABAH,PHYSIOTHERAPY,Physiotherapy Treatment,VALERIE MUSCULOSKELETAL & SPORTS PHYSIOTHERAPY (KK),80.0
SABAH,PHYSIOTHERAPY,Physiotherapy Treatment,BODYCARE PHYSIO & TRADITIONAL CHINESE MEDICAL CENTRE (TCMC) (TAWAU),70.0
SABAH,PHYSIOTHERAPY,Physiotherapy Treatment,TAWAU PHYSIOTHERAPY CENTRE (TAWAU),80.0
SABAH,PHYSIOTHERAPY,Physiotherapy Treatment,TAGS SPINE & JOINT SPECIALISTS (KOTA KINABALU),70.0
SABAH,PHYSIOTHERAPY,Physiotherapy Treatment,SABAH PHYSIOTHERAPY CENTRE (KK),90.0
SABAH,PHYSIOTHERAPY,Physiotherapy Treatment,"DAMAI WELLNESS CENTRE, KOTA KINABALU SPECIALIST HOSPITAL SDN. BHD (KK)",65.0
SABAH,HOSTEL,INPATIENT - HOSTEL & MAKAN,"DAMAI WELLNESS CENTRE, KOTA KINABALU SPECIALIST HOSPITAL SDN. BHD (KK)",89.0
SABAH,PHYSIOTHERAPY,Home Therapy + Mileage,BIOREHAB PHYSIOTHERAPY SDN BHD (LABUAN),100.0
SABAH,PHYSIOTHERAPY,Home Therapy + Mileage,BIOREHAB PHYSIOTHERAPY SDN BHD (KOTA KINABALU),100.0
SABAH,PHYSIOTHERAPY,Home Therapy + Mileage,BIOREHAB PHYSIOTHERAPY SDN BHD (SANDAKAN),100.0
SABAH,PHYSIOTHERAPY,Home Therapy + Mileage,BERKAT PHYSIOTHERAPY CENTRE (SANDAKAN),100.0
SABAH,PHYSIOTHERAPY,Home Therapy + Mileage,K.K PHYSIOCARE SDN BHD (KK),100.0
SABAH,PHYSIOTHERAPY,Home Therapy + Mileage,MOVE WELL PHYSIOTHERAPY & REHABILITATION (KK),90.0
SABAH,PHYSIOTHERAPY,Home Therapy + Mileage,TAWAU PHYSIOTHERAPY CENTRE (TAWAU),110.0
SABAH,ASSESSMENT & REPORT,General Pt Assessment & Report,BIOREHAB PHYSIOTHERAPY SDN BHD (LABUAN),30.0
SABAH,ASSESSMENT & REPORT,General Pt Assessment & Report,MOVE WELL PHYSIOTHERAPY & REHABILITATION (KK),10.0
SABAH,DRY NEEDLING/ACUPUNCTURE,Dry Needling Package,K.K PHYSIOCARE SDN BHD (KK),40.0
SABAH,SERVICES BY PACKAGE,Pakej - Neuro Rehab,BIOREHAB PHYSIOTHERAPY SDN BHD (LABUAN),80.0
SABAH,SERVICES BY PACKAGE,Pakej - Neuro Rehab,BIOREHAB PHYSIOTHERAPY SDN BHD (KOTA KINABALU),80.0
SABAH,SERVICES BY PACKAGE,Pakej - Neuro Rehab,BIOREHAB PHYSIOTHERAPY SDN BHD (SANDAKAN),80.0
SABAH,SERVICES BY PACKAGE,Pakej - Neuro Rehab,K.K PHYSIOCARE SDN BHD (KK),100.0
SABAH,SERVICES BY PACKAGE,Pakej - Neuro Rehab,MOVE WELL PHYSIOTHERAPY & REHABILITATION (KK),75.0
SABAH,SERVICES BY PACKAGE,Pakej - Neuro Rehab,"DAMAI WELLNESS CENTRE, KOTA KINABALU SPECIALIST HOSPITAL SDN. BHD (KK)",65.0
SABAH,SERVICES BY PACKAGE,Pakej - General Exercise,TAWAU PHYSIOTHERAPY CENTRE (TAWAU),80.0
SABAH,SERVICES BY PACKAGE,Pakej - 3 Electrical Modalities/ More,BIOREHAB PHYSIOTHERAPY SDN BHD (LABUAN),80.0
SABAH,SERVICES BY PACKAGE,Pakej - 3 Electrical Modalities/ More,K.K PHYSIOCARE SDN BHD (KK),30.0
SABAH,PHYSIOTHERAPY,CHEST PHYSIOTHERAPY MANUAL,K.K PHYSIOCARE SDN BHD (KK),30.0
SABAH,PHYSIOTHERAPY,CHEST PHYSIOTHERAPY MANUAL,MOVE WELL PHYSIOTHERAPY & REHABILITATION (KK),50.0
SABAH,PHYSIOTHERAPY,CHEST PHYSIOTHERAPY MANUAL,"DAMAI WELLNESS CENTRE, KOTA KINABALU SPECIALIST HOSPITAL SDN. BHD (KK)",30.0
SABAH,PHYSIOTHERAPY,CHEST PHYSIOTHERAPY SUCTION MACHINE,K.K PHYSIOCARE SDN BHD (KK),80.0
SABAH,PHYSIOTHERAPY,CHEST PHYSIOTHERAPY SUCTION MACHINE,MOVE WELL PHYSIOTHERAPY & REHABILITATION (KK),50.0
SABAH,PHYSIOTHERAPY,CHEST PHYSIOTHERAPY SUCTION MACHINE,"DAMAI WELLNESS CENTRE, KOTA KINABALU SPECIALIST HOSPITAL SDN. BHD (KK)",60.0
SABAH,SERVICES BY MODALITIES,Basic Equipment - Traction,TAWAU PHYSIOTHERAPY CENTRE (TAWAU),50.0
SABAH,SERVICES BY MODALITIES,Basic Equipment - Paraffin Wax,TAWAU PHYSIOTHERAPY CENTRE (TAWAU),30.0
SARAWAK,PHYSIOTHERAPY,Physiotherapy Treatment (Outpatient),DOCUMENTATION BASED CARE ( DBC KUCHING),143.0
SARAWAK,PHYSIOTHERAPY,Physiotherapy Treatment (Outpatient),REJANG HEALTHCARE CENTRE SDN BHD (SIBU),60.0
SARAWAK,PHYSIOTHERAPY,Physiotherapy Treatment (Outpatient),TAGS SPINE & JOINT SPECIALISTS (KUCHING),70.0
SARAWAK,PHYSIOTHERAPY,Physiotherapy Treatment (Outpatient),TAGS SPINE & JOINT SPECIALISTS (MIRI),70.0
SARAWAK,PHYSIOTHERAPY,Physiotherapy Treatment (Outpatient),COLUMBIA ASIA HOSPITAL BINTULU,100.0
SARAWAK,PHYSIOTHERAPY,Physiotherapy Treatment (Outpatient),NORMAH MEDICAL SPECIALIST CENTRE (KUCHING),80.0
SARAWAK,PHYSIOTHERAPY,Physiotherapy Treatment (Outpatient),REHAB CONCEPT SDN BHD (KUCHING),70.0
SARAWAK,PHYSIOTHERAPY,Physiotherapy Treatment (Outpatient),COLUMBIA ASIA HOSPITAL - MIRI (TRUEPEACE,70.0
SARAWAK,OCCUPATIONAL THERAPY,Occupational Therapy Treatment,NORMAH MEDICAL SPECIALIST CENTRE (KUCHING),80.0
SARAWAK,OCCUPATIONAL THERAPY,Occupational Therapy Treatment,REHAB CONCEPT SDN BHD (KUCHING),80.0
SARAWAK,SPEECH THERAPY,Speech Therapy Treatment,NORMAH MEDICAL SPECIALIST CENTRE (KUCHING),130.0
SARAWAK,SPEECH THERAPY,Speech Therapy Treatment,REHAB CONCEPT SDN BHD (KUCHING),130.0
SARAWAK,PHYSIOTHERAPY,Home Therapy + Mileage,NORMAH MEDICAL SPECIALIST CENTRE (KUCHING),100.0
SARAWAK,ASSESSMENT & REPORT,General Pt Assessment & Report,DOCUMENTATION BASED CARE ( DBC KUCHING),195.0
SARAWAK,FUNCTIONAL CAPACITY EVALUATION & REPORT,Basic FCE,DOCUMENTATION BASED CARE ( DBC KUCHING),220.0
SARAWAK,PHYSIOTHERAPY,CHEST PHYSIOTHERAPY MANUAL,REHAB CONCEPT SDN BHD (KUCHING),30.0
SARAWAK,PHYSIOTHERAPY,CHEST PHYSIOTHERAPY SUCTION MACHINE,REHAB CONCEPT SDN BHD (KUCHING),70.0
KUALA LUMPUR,PHYSIOTHERAPY,Physiotherapy Treatment,DOCUMENTATION BASED CARE (DBC HQ),143.0
KUALA LUMPUR,PHYSIOTHERAPY,Physiotherapy Treatment,DOCUMENTATION BASED CARE (DBC TTDI),143.0
KUALA LUMPUR,PHYSIOTHERAPY,Physiotherapy Treatment,DOCUMENTATION BASE CARE (DBC JALAN KUCHING),143.0
KUALA LUMPUR,PHYSIOTHERAPY,Physiotherapy Treatment,PUSAT FISIOTERAPI & REHABILITASI MAIWP-PICOMS (JALAN IPOH),80.0
KUALA LUMPUR,PHYSIOTHERAPY,Physiotherapy Treatment,PARKCITY MEDICAL CENTRE (DESA PARK CITY),80.0
KUALA LUMPUR,PHYSIOTHERAPY,Physiotherapy Treatment,TAGS SPECIALISTS CENTER SDN BHD (HQ) (JALAN PUDU ULU),70.0
KUALA LUMPUR,PHYSIOTHERAPY,Physiotherapy Treatment,KPJ TAWAKKAL HEALTH CENTRE (JALAN PAHANG),120.0
KUALA LUMPUR,PHYSIOTHERAPY,Physiotherapy Treatment,TAMAN DESA MEDICAL CENTRE (TAMAN DESA),80.0
KUALA LUMPUR,PHYSIOTHERAPY,Physiotherapy Treatment,NURSINAR GLOBAL ENTERPRISE (TAMAN SETIAWANGSA),80.0
KUALA LUMPUR,PHYSIOTHERAPY,Physiotherapy Treatment,WQ PARK HEALTH & REHABILITATION CENTRE (SRI RAMPAI),90.0
KUALA LUMPUR,PHYSIOTHERAPY,Physiotherapy Treatment,APPLE PHYSIOTHERAPY CENTRE (DESA PANDAN),90.0
KUALA LUMPUR,PHYSIOTHERAPY,Physiotherapy Treatment,YOUR PHYSIO SDN BHD (HQ) (CHERAS),91.0
KUALA LUMPUR,PHYSIOTHERAPY,Physiotherapy Treatment,WORLD RENAISSANCE PHYSIOTHERAPY (AMPANG),60.0
KUALA LUMPUR,PHYSIOTHERAPY,Physiotherapy Treatment,DIAMAGNETIC PHYSIO CENTRE SDN BHD (CHERAS),135.0
KUALA LUMPUR,PHYSIOTHERAPY,Physiotherapy Treatment,BAINS MELAWATI,80.0
KUALA LUMPUR,PHYSIOTHERAPY,Physiotherapy Treatment,HOSPITAL PUSRAWI,80.0
KUALA LUMPUR,PHYSIOTHERAPY,Physiotherapy Treatment,GLOBAL PHYSIO & REHAB CENTRE PLT,80.0
KUALA LUMPUR,OCCUPATIONAL THERAPY,Occupational Therapy Treatment,PARKCITY MEDICAL CENTRE (DESA PARK CITY),80.0
KUALA LUMPUR,OCCUPATIONAL THERAPY,Occupational Therapy Treatment,KPJ TAWAKKAL HEALTH CENTRE (JALAN PAHANG),120.0
KUALA LUMPUR,OCCUPATIONAL THERAPY,Occupational Therapy Treatment,WQ PARK HEALTH & REHABILITATION CENTRE (SRI RAMPAI),90.0
KUALA LUMPUR,OCCUPATIONAL THERAPY,Occupational Therapy Treatment,APPLE PHYSIOTHERAPY CENTRE (DESA PANDAN),85.0
KUALA LUMPUR,OCCUPATIONAL THERAPY,Transitional Living Care Facility,KPJ TAWAKKAL HEALTH CENTRE (JALAN PAHANG),80.0
KUALA LUMPUR,SPEECH THERAPY,Speech Therapy Treatment,PARKCITY MEDICAL CENTRE (DESA PARK CITY),80.0
KUALA LUMPUR,SPEECH THERAPY,Speech Therapy Treatment,KPJ TAWAKKAL HEALTH CENTRE (JALAN PAHANG),150.0
KUALA LUMPUR,SPEECH THERAPY,Speech Therapy Treatment,WQ PARK HEALTH & REHABILITATION CENTRE (SRI RAMPAI),150.0
KUALA LUMPUR,SPEECH THERAPY,Speech Therapy Treatment,APPLE PHYSIOTHERAPY CENTRE (DESA PANDAN),120.0
KUALA LUMPUR,PHYSIOTHERAPY,HYDROTHERAPY,PARKCITY MEDICAL CENTRE (DESA PARK CITY),80.0
KUALA LUMPUR,PHYSIOTHERAPY,HYDROTHERAPY,WQ PARK HEALTH & REHABILITATION CENTRE (SRI RAMPAI),80.0
KUALA LUMPUR,PSYCHOLOGY,Psychology Treatment,KPJ TAWAKKAL HEALTH CENTRE (JALAN PAHANG),110.0
KUALA LUMPUR,PSYCHOLOGY,Psychology Treatment,WQ PARK HEALTH & REHABILITATION CENTRE (SRI RAMPAI),110.0
KUALA LUMPUR,PHYSIOTHERAPY,Home Therapy + Mileage,MY FLEX HEALTH GROUP SDN BHD (BUKIT JALIL),80.0
KUALA LUMPUR,PHYSIOTHERAPY,Home Therapy + Mileage,BAINS MELAWATI,100.0
KUALA LUMPUR,PHYSIOTHERAPY,Home Therapy + Mileage,HMC PROVIDERS SDN BHD (SHAH ALAM),100.0
KUALA LUMPUR,CONSULTATION,Rehab Specialist (Initial Session ),KPJ TAWAKKAL HEALTH CENTRE (JALAN PAHANG),180.0
KUALA LUMPUR,CONSULTATION,Rehab Specialist (Initial Session ),WQ PARK HEALTH & REHABILITATION CENTRE (SRI RAMPAI),190.0
KUALA LUMPUR,CONSULTATION,Rehab Specialist (Follow Up Session),KPJ TAWAKKAL HEALTH CENTRE (JALAN PAHANG),90.0
KUALA LUMPUR,CONSULTATION,Rehab Specialist (Follow Up Session),WQ PARK HEALTH & REHABILITATION CENTRE (SRI RAMPAI),190.0
KUALA LUMPUR,CONSULTATION,Medical Officer (Initial Session),WQ PARK HEALTH & REHABILITATION CENTRE (SRI RAMPAI),50.0
KUALA LUMPUR,ASSESSMENT & REPORT,General Pt Assessment & Report,DOCUMENTATION BASED CARE (DBC HQ),195.0
KUALA LUMPUR,ASSESSMENT & REPORT,General Pt Assessment & Report,DOCUMENTATION BASED CARE (DBC TTDI),195.0
KUALA LUMPUR,ASSESSMENT & REPORT,General Pt Assessment & Report,DOCUMENTATION BASE CARE (DBC JALAN KUCHING),195.0
KUALA LUMPUR,ASSESSMENT & REPORT,General Pt Assessment & Report,WORLD RENAISSANCE PHYSIOTHERAPY (AMPANG),80.0
KUALA LUMPUR,ASSESSMENT & REPORT,General Pt Assessment & Report,BAINS MELAWATI,80.0
KUALA LUMPUR,ASSESSMENT & REPORT,Neuro/ Spinal Cord Injury Assessment & Report,WQ PARK HEALTH & REHABILITATION CENTRE (SRI RAMPAI),120.0
KUALA LUMPUR,ASSESSMENT & REPORT,SENSORY PERCEPTION TEST,WQ PARK HEALTH & REHABILITATION CENTRE (SRI RAMPAI),80.0
KUALA LUMPUR,ASSESSMENT & REPORT,Cognitive Assessment (Cognab)/ Perceptual Assessment & Repot,WQ PARK HEALTH & REHABILITATION CENTRE (SRI RAMPAI),160.0
KUALA LUMPUR,ASSESSMENT & REPORT,CLINICAL OBSERVATION NEUROMOTOR PERFORMANCE,WQ PARK HEALTH & REHABILITATION CENTRE (SRI RAMPAI),100.0
KUALA LUMPUR,ASSESSMENT & REPORT,VISUAL PERCEPTION TEST,WQ PARK HEALTH & REHABILITATION CENTRE (SRI RAMPAI),120.0
KUALA LUMPUR,ASSESSMENT & REPORT,Driving Assessment & Report,WQ PARK HEALTH & REHABILITATION CENTRE (SRI RAMPAI),550.0
KUALA LUMPUR,ASSESSMENT & REPORT,Prosthetic/ Amputation Assessment & Report,WQ PARK HEALTH & REHABILITATION CENTRE (SRI RAMPAI),250.0
KUALA LUMPUR,ASSESSMENT & REPORT,Speech Therapy Assessment & Report,KPJ TAWAKKAL HEALTH CENTRE (JALAN PAHANG),250.0
KUALA LUMPUR,ASSESSMENT & REPORT,Speech Therapy Assessment & Report,WQ PARK HEALTH & REHABILITATION CENTRE (SRI RAMPAI),250.0
KUALA LUMPUR,ASSESSMENT & REPORT,Psychological Assessment & Report,KPJ TAWAKKAL HEALTH CENTRE (JALAN PAHANG),200.0
KUALA LUMPUR,ASSESSMENT & REPORT,Psychological Assessment & Report,WQ PARK HEALTH & REHABILITATION CENTRE (SRI RAMPAI),250.0
KUALA LUMPUR,FUNCTIONAL CAPACITY EVALUATION & REPORT,Basic FCE,DOCUMENTATION BASED CARE (DBC HQ),220.0
KUALA LUMPUR,FUNCTIONAL CAPACITY EVALUATION & REPORT,Basic FCE,DOCUMENTATION BASED CARE (DBC TTDI),220.0
KUALA LUMPUR,FUNCTIONAL CAPACITY EVALUATION & REPORT,Basic FCE,DOCUMENTATION BASE CARE (DBC JALAN KUCHING),220.0
KUALA LUMPUR,FUNCTIONAL CAPACITY EVALUATION & REPORT,Basic FCE,BAINS MELAWATI,80.0
KUALA LUMPUR,FUNCTIONAL CAPACITY EVALUATION & REPORT,Complete FCE (BTE PRIMUS),KPJ TAWAKKAL HEALTH CENTRE (JALAN PAHANG),550.0
KUALA LUMPUR,FUNCTIONAL CAPACITY EVALUATION & REPORT,Complete FCE (BTE PRIMUS),WQ PARK HEALTH & REHABILITATION CENTRE (SRI RAMPAI),550.0
KUALA LUMPUR,FUNCTIONAL CAPACITY EVALUATION & REPORT,By Part FCE (BTE PRIMUS),KPJ TAWAKKAL HEALTH CENTRE (JALAN PAHANG),200 - 500
KUALA LUMPUR,FUNCTIONAL CAPACITY EVALUATION & REPORT,By Part FCE (BTE PRIMUS),WQ PARK HEALTH & REHABILITATION CENTRE (SRI RAMPAI),200 - 500
KUALA LUMPUR,PHYSIOTHERAPY,Alter-G (Anti Graviti) Physio,KPJ TAWAKKAL HEALTH CENTRE (JALAN PAHANG),150.0
KUALA LUMPUR,PHYSIOTHERAPY,Tbion (Tibion Bionic Technology) Rehab,KPJ TAWAKKAL HEALTH CENTRE (JALAN PAHANG),80.0
KUALA LUMPUR,DRY NEEDLING/ACUPUNCTURE,Dry Needling Package,BAINS MELAWATI,40.0
KUALA LUMPUR,SERVICES BY PACKAGE,Pakej - Neuro Rehab,PARKCITY MEDICAL CENTRE (DESA PARK CITY),80.0
KUALA LUMPUR,SERVICES BY PACKAGE,Pakej - Neuro Rehab,APPLE PHYSIOTHERAPY CENTRE (DESA PANDAN),90.0
KUALA LUMPUR,SERVICES BY PACKAGE,Pakej - Neuro Rehab,WORLD RENAISSANCE PHYSIOTHERAPY (AMPANG),80.0
KUALA LUMPUR,SERVICES BY PACKAGE,Pakej - Spine/Back Injury,PARKCITY MEDICAL CENTRE (DESA PARK CITY),62.0
KUALA LUMPUR,SERVICES BY PACKAGE,Pakej - Spine/Back Injury,KPJ TAWAKKAL HEALTH CENTRE (JALAN PAHANG),80.0
KUALA LUMPUR,SERVICES BY PACKAGE,Pakej - Neck Injury,PARKCITY MEDICAL CENTRE (DESA PARK CITY),62.0
KUALA LUMPUR,SERVICES BY PACKAGE,Pakej - Shoulder Injury,PARKCITY MEDICAL CENTRE (DESA PARK CITY),80.0
KUALA LUMPUR,SERVICES BY PACKAGE,Pakej - Knee Injury,PARKCITY MEDICAL CENTRE (DESA PARK CITY),80.0
KUALA LUMPUR,SERVICES BY PACKAGE,Pakej - Knee Injury,KPJ TAWAKKAL HEALTH CENTRE (JALAN PAHANG),80.0
KUALA LUMPUR,SERVICES BY PACKAGE,Pakej - Cardiac Rehab,WORLD RENAISSANCE PHYSIOTHERAPY (AMPANG),65.0
KUALA LUMPUR,SERVICES BY PACKAGE,Pakej - General Exercise,DIAMAGNETIC PHYSIO CENTRE SDN BHD (CHERAS),60.0
KUALA LUMPUR,SERVICES BY PACKAGE,Pakej - Respiratory Exercise,PARKCITY MEDICAL CENTRE (DESA PARK CITY),61.0
KUALA LUMPUR,PHYSIOTHERAPY,HAND FUNCTION TRAINING,APPLE PHYSIOTHERAPY CENTRE (DESA PANDAN),30.0
KUALA LUMPUR,OCCUPATIONAL THERAPY,OT TX/ THERAPEUTIC EXERCISE,APPLE PHYSIOTHERAPY CENTRE (DESA PANDAN),50.0
KUALA LUMPUR,OCCUPATIONAL THERAPY,SENSORY EDUCATION,WQ PARK HEALTH & REHABILITATION CENTRE (SRI RAMPAI),80.0
KUALA LUMPUR,SERVICES BY MODALITIES,Basic Equipment - Ambulation,PARKCITY MEDICAL CENTRE (DESA PARK CITY),31.0
KUALA LUMPUR,SERVICES BY MODALITIES,Basic Equipment - Ambulation,WQ PARK HEALTH & REHABILITATION CENTRE (SRI RAMPAI),110.0
KUALA LUMPUR,SERVICES BY MODALITIES,Advance Equipment - Shock Wave Therapy,NURSINAR GLOBAL ENTERPRISE (TAMAN SETIAWANGSA),85.0
KUALA LUMPUR,SERVICES BY MODALITIES,Advance Equipment - Shock Wave Therapy,GLOBAL PHYSIO & REHAB CENTRE PLT,85.0
KUALA LUMPUR,SERVICES BY MODALITIES,Advance Equipment - Laser � Low Intensity or High Intensity,NURSINAR GLOBAL ENTERPRISE (TAMAN SETIAWANGSA),85.0
SELANGOR,PHYSIOTHERAPY,Physiotherapy Treatment,WQ PARK HEALTH & REHABILITATION CENTRE (KELANA JAYAI),90.0
SELANGOR,PHYSIOTHERAPY,Physiotherapy Treatment,SUBANG JAYA MEDICAL CENTRE (SUBANG JAYA),80.0
SELANGOR,PHYSIOTHERAPY,Physiotherapy Treatment,ARA DAMANSARA MEDICAL CENTRE (ARA DAMANSARA),80.0
SELANGOR,PHYSIOTHERAPY,Physiotherapy Treatment,SAU SENG LUM REHABILITATION CENTRE (PUCHONG),80.0
SELANGOR,PHYSIOTHERAPY,Physiotherapy Treatment,SAU SENG LUM REHABILITATION CENTRE (PETALING JAYA),80.0
SELANGOR,PHYSIOTHERAPY,Physiotherapy Treatment,PUTRA MEDIC PHYSIOTHERAPY CENTRE (BANDAR PUTRA PERMAI),80.0
SELANGOR,PHYSIOTHERAPY,Physiotherapy Treatment,PUTIH FISIOTERAPI CENTRE (BANGI),55.0
SELANGOR,PHYSIOTHERAPY,Physiotherapy Treatment,MOMO PHYSIOTHERAPY CENTRE (SHAH ALAM),70.0
SELANGOR,PHYSIOTHERAPY,Physiotherapy Treatment,MEDWELL PHYSIOTHERAPY SDN BHD (PETALING JAYA),85.0
SELANGOR,PHYSIOTHERAPY,Physiotherapy Treatment,MEDWELL PHYSIOTHERAPY SDN BHD (KLANG),85.0
SELANGOR,PHYSIOTHERAPY,Physiotherapy Treatment,REGEN REHABILITATION INTERNATIONAL SDN BHD (PETALING JAYA),80.0
SELANGOR,PHYSIOTHERAPY,Physiotherapy Treatment,JOINCARE REHABILITATION CENTRE (SUBANG JAYA),80.0
SELANGOR,PHYSIOTHERAPY,Physiotherapy Treatment,JOINCARE REHABILITATION CENTRE (KLANG),80.0
SELANGOR,PHYSIOTHERAPY,Physiotherapy Treatment,INFINITE REHABILITATION (M) SDN BHD (SUBANG JAYA),70.0
SELANGOR,PHYSIOTHERAPY,Physiotherapy Treatment,DAVID HEALTH SOLUTIONS (ASIA) SDN BHD (KLANG),90.0
SELANGOR,PHYSIOTHERAPY,Physiotherapy Treatment,RAWANG PHYSIOTHERAPY & REHABILITATION (RAWANG),80.0
SELANGOR,PHYSIOTHERAPY,Physiotherapy Treatment,COLUMBIA ASIA HOSPITAL � PUCHONG (PUCHONG),70.0
SELANGOR,PHYSIOTHERAPY,Physiotherapy Treatment,MYPHYSIOWORKS SDN BHD (BANTING),70.0
SELANGOR,PHYSIOTHERAPY,Physiotherapy Treatment,MYPHYSIOWORKS SDN BHD (KLANG),70.0
SELANGOR,PHYSIOTHERAPY,Physiotherapy Treatment,DYNAMIQUE SPORTS INJURY & REHABILITATION CENTRE (PETALING JAYA),70.0
SELANGOR,PHYSIOTHERAPY,Physiotherapy Treatment,DIAMAGNETIC PHYSIO CENTRE SDN BHD (SHAH ALAM),135.0
SELANGOR,PHYSIOTHERAPY,Physiotherapy Treatment,DIAMAGNETIC PHYSIO CENTRE SDN BHD (SUNGAI WAY),135.0
SELANGOR,PHYSIOTHERAPY,Physiotherapy Treatment,DIAMAGNETIC PHYSIO CENTRE SDN BHD (RAWANG),135.0
SELANGOR,PHYSIOTHERAPY,Physiotherapy Treatment,SMART INTEGRATED THERAPY (SHAH ALAM),80.0
SELANGOR,PHYSIOTHERAPY,Physiotherapy Treatment,SUNWAY MEDICAL CENTRE SDN BHD (BANDAR SUNWAY),80.0
SELANGOR,PHYSIOTHERAPY,Physiotherapy Treatment,COLUMBIA ASIA HOSPITAL � KLANG (KLANG),70.0
SELANGOR,PHYSIOTHERAPY,Physiotherapy Treatment,DOCUMENTATION BASED CARE (SHAH ALAM),143.0
SELANGOR,PHYSIOTHERAPY,Physiotherapy Treatment,YOUR PHYSIO SDN BHD (PJ) (PETALING JAYA),91.0
SELANGOR,PHYSIOTHERAPY,Physiotherapy Treatment,WELL REHABILITATION CENTRE (SERI KEMBANGAN),90.0
SELANGOR,PHYSIOTHERAPY,Physiotherapy Treatment,KPJ KAJANG SPECIALIST HOSPITAL (KOMPLEKS OSTIA),60.0
SELANGOR,PHYSIOTHERAPY,Physiotherapy Treatment,KPJ KAJANG SPECIALIST HOSPITAL (BERANANG),60.0
SELANGOR,PHYSIOTHERAPY,Physiotherapy Treatment,CHONG PHYSIOTHERAPY & REHABILITATION CENTRE (BALAKONG),80.0
SELANGOR,PHYSIOTHERAPY,Physiotherapy Treatment,MY PHYSIO & REHAB CENTRE (SEPANG),80.0
SELANGOR,PHYSIOTHERAPY,Physiotherapy Treatment,COLUMBIA ASIA EXTENDED CARE HOSPITAL SHAH ALAM (SHAH ALAM),80.0
SELANGOR,PHYSIOTHERAPY,Physiotherapy Treatment,PHYSIO PLUS (PETALING JAYA),80.0
SELANGOR,PHYSIOTHERAPY,Physiotherapy Treatment,AXIS PHYSIOTHERAPY (PETALING JAYA),80.0
SELANGOR,PHYSIOTHERAPY,Physiotherapy Treatment,DAMAI PHYSIO AND REHAB (PREVIOUSLY KNOWN AS: TRICARES PHYSIO & REHAB SDN BHD) (KAJANG),50.0
SELANGOR,PHYSIOTHERAPY,Physiotherapy Treatment,TAIPAN PHYSIOTHERAPY & REHABILITATION CENTRE (SUBANG JAYA),80.0
SELANGOR,PHYSIOTHERAPY,Physiotherapy Treatment,"PHYSIOMOBILEMY SERVICES, PMMY GROUP SDN BHD (SHAH ALAM)",80.0
SELANGOR,PHYSIOTHERAPY,Physiotherapy Treatment,PHYSIO ACTIVE SDN BHD,80.0
SELANGOR,PHYSIOTHERAPY,Physiotherapy Treatment,SPINE SPORTS STROKE REHAB SPECIALIST SDN BHD,80.0
SELANGOR,PHYSIOTHERAPY,Physiotherapy Treatment,"PHYSIOCARE PHYSIOTHERAPY CENTRE
(MINTS HEALTH AND WELLNESS ENTERPRISE,",80.0
SELANGOR,OCCUPATIONAL THERAPY,Occupational Therapy Treatment,WQ PARK HEALTH & REHABILITATION CENTRE (KELANA JAYAI),90.0
SELANGOR,OCCUPATIONAL THERAPY,Occupational Therapy Treatment,SUBANG JAYA MEDICAL CENTRE (SUBANG JAYA),80.0
SELANGOR,OCCUPATIONAL THERAPY,Occupational Therapy Treatment,ARA DAMANSARA MEDICAL CENTRE (ARA DAMANSARA),80.0
SELANGOR,OCCUPATIONAL THERAPY,Occupational Therapy Treatment,SAU SENG LUM REHABILITATION CENTRE (PUCHONG),80.0
SELANGOR,OCCUPATIONAL THERAPY,Occupational Therapy Treatment,SAU SENG LUM REHABILITATION CENTRE (PETALING JAYA),80.0
SELANGOR,OCCUPATIONAL THERAPY,Occupational Therapy Treatment,REGEN REHABILITATION INTERNATIONAL SDN BHD (PETALING JAYA),80.0
SELANGOR,OCCUPATIONAL THERAPY,Occupational Therapy Treatment,JOINCARE REHABILITATION CENTRE (SUBANG JAYA),80.0
SELANGOR,OCCUPATIONAL THERAPY,Occupational Therapy Treatment,JOINCARE REHABILITATION CENTRE (KLANG),80.0
SELANGOR,OCCUPATIONAL THERAPY,Occupational Therapy Treatment,INFINITE REHABILITATION (M) SDN BHD (SUBANG JAYA),80.0
SELANGOR,OCCUPATIONAL THERAPY,Occupational Therapy Treatment,RAWANG PHYSIOTHERAPY & REHABILITATION (RAWANG),80.0
SELANGOR,OCCUPATIONAL THERAPY,Occupational Therapy Treatment,SMART INTEGRATED THERAPY (SHAH ALAM),80.0
SELANGOR,OCCUPATIONAL THERAPY,Occupational Therapy Treatment,WELL REHABILITATION CENTRE (SERI KEMBANGAN),90.0
SELANGOR,OCCUPATIONAL THERAPY,Occupational Therapy Treatment,KPJ KAJANG SPECIALIST HOSPITAL (KOMPLEKS OSTIA),120.0
SELANGOR,OCCUPATIONAL THERAPY,Occupational Therapy Treatment,KPJ KAJANG SPECIALIST HOSPITAL (BERANANG),120.0
SELANGOR,OCCUPATIONAL THERAPY,Occupational Therapy Treatment,COLUMBIA ASIA EXTENDED CARE HOSPITAL SHAH ALAM (SHAH ALAM),80.0
SELANGOR,OCCUPATIONAL THERAPY,Occupational Therapy Treatment,PHYSIO PLUS (PETALING JAYA),80.0
SELANGOR,SPEECH THERAPY,Speech Therapy Treatment,WQ PARK HEALTH & REHABILITATION CENTRE (KELANA JAYAI),150.0
SELANGOR,SPEECH THERAPY,Speech Therapy Treatment,SUBANG JAYA MEDICAL CENTRE (SUBANG JAYA),80.0
SELANGOR,SPEECH THERAPY,Speech Therapy Treatment,ARA DAMANSARA MEDICAL CENTRE (ARA DAMANSARA),80.0
SELANGOR,SPEECH THERAPY,Speech Therapy Treatment,REGEN REHABILITATION INTERNATIONAL SDN BHD (PETALING JAYA),80.0
SELANGOR,SPEECH THERAPY,Speech Therapy Treatment,INFINITE REHABILITATION (M) SDN BHD (SUBANG JAYA),130.0
SELANGOR,SPEECH THERAPY,Speech Therapy Treatment,SMART INTEGRATED THERAPY (SHAH ALAM),100.0
SELANGOR,SPEECH THERAPY,Speech Therapy Treatment,WELL REHABILITATION CENTRE (SERI KEMBANGAN),150.0
SELANGOR,SPEECH THERAPY,Speech Therapy Treatment,KPJ KAJANG SPECIALIST HOSPITAL (KOMPLEKS OSTIA),150.0
SELANGOR,SPEECH THERAPY,Speech Therapy Treatment,KPJ KAJANG SPECIALIST HOSPITAL (BERANANG),150.0
SELANGOR,PHYSIOTHERAPY,HYDROTHERAPY,WQ PARK HEALTH & REHABILITATION CENTRE (KELANA JAYAI),80.0
SELANGOR,PHYSIOTHERAPY,HYDROTHERAPY,SUBANG JAYA MEDICAL CENTRE (SUBANG JAYA),80.0
SELANGOR,PHYSIOTHERAPY,HYDROTHERAPY,ARA DAMANSARA MEDICAL CENTRE (ARA DAMANSARA),80.0
SELANGOR,PSYCHOLOGY,Psychology Treatment,WQ PARK HEALTH & REHABILITATION CENTRE (KELANA JAYAI),110.0
SELANGOR,ADMINISTRATION SERVICES,First Registration Fees,COLUMBIA ASIA HOSPITAL � PUCHONG (PUCHONG),7.0
SELANGOR,PHYSIOTHERAPY,Home Therapy + Mileage,REGEN REHABILITATION INTERNATIONAL SDN BHD (PETALING JAYA),100.0
SELANGOR,PHYSIOTHERAPY,Home Therapy + Mileage,RAWANG PHYSIOTHERAPY & REHABILITATION (RAWANG),100.0
SELANGOR,PHYSIOTHERAPY,Home Therapy + Mileage,HMC PROVIDERS SDN BHD (SHAH ALAM),100.0
SELANGOR,PHYSIOTHERAPY,Home Therapy + Mileage,MY PHYSIO & REHAB CENTRE (SEPANG),100.0
SELANGOR,PHYSIOTHERAPY,Home Therapy + Mileage,LOVE ON WHEELS HEALTHCARE SERVICES SDN BHD (PETALING JAYA),100.0
SELANGOR,PHYSIOTHERAPY,Home Therapy + Mileage,"PHYSIOMOBILEMY SERVICES, PMMY GROUP SDN BHD (SHAH ALAM)",110.0
SELANGOR,CONSULTATION,Rehab Specialist (Initial Session ),WQ PARK HEALTH & REHABILITATION CENTRE (KELANA JAYAI),190.0
SELANGOR,CONSULTATION,Rehab Specialist (Initial Session ),REGEN REHABILITATION INTERNATIONAL SDN BHD (PETALING JAYA),180.0
SELANGOR,CONSULTATION,Rehab Specialist (Initial Session ),INFINITE REHABILITATION (M) SDN BHD (SUBANG JAYA),180.0
SELANGOR,CONSULTATION,Rehab Specialist (Initial Session ),KPJ KAJANG SPECIALIST HOSPITAL (KOMPLEKS OSTIA),180.0
SELANGOR,CONSULTATION,Rehab Specialist (Initial Session ),KPJ KAJANG SPECIALIST HOSPITAL (BERANANG),180.0
SELANGOR,CONSULTATION,Rehab Specialist (Follow Up Session),WQ PARK HEALTH & REHABILITATION CENTRE (KELANA JAYAI),190.0
SELANGOR,CONSULTATION,Rehab Specialist (Follow Up Session),REGEN REHABILITATION INTERNATIONAL SDN BHD (PETALING JAYA),90.0
SELANGOR,CONSULTATION,Rehab Specialist (Follow Up Session),INFINITE REHABILITATION (M) SDN BHD (SUBANG JAYA),120.0
SELANGOR,CONSULTATION,Rehab Specialist (Follow Up Session),KPJ KAJANG SPECIALIST HOSPITAL (KOMPLEKS OSTIA),90.0
SELANGOR,CONSULTATION,Rehab Specialist (Follow Up Session),KPJ KAJANG SPECIALIST HOSPITAL (BERANANG),90.0
SELANGOR,CONSULTATION,Medical Officer (Initial Session),WQ PARK HEALTH & REHABILITATION CENTRE (KELANA JAYAI),50.0
SELANGOR,ASSESSMENT & REPORT,General Pt Assessment & Report,REGEN REHABILITATION INTERNATIONAL SDN BHD (PETALING JAYA),80.0
SELANGOR,ASSESSMENT & REPORT,General Pt Assessment & Report,DAVID HEALTH SOLUTIONS (ASIA) SDN BHD (KLANG),90.0
SELANGOR,ASSESSMENT & REPORT,General Pt Assessment & Report,MYPHYSIOWORKS SDN BHD (BANTING),70.0
SELANGOR,ASSESSMENT & REPORT,General Pt Assessment & Report,MYPHYSIOWORKS SDN BHD (KLANG),70.0
SELANGOR,ASSESSMENT & REPORT,General Pt Assessment & Report,DYNAMIQUE SPORTS INJURY & REHABILITATION CENTRE (PETALING JAYA),100.0
SELANGOR,ASSESSMENT & REPORT,General Pt Assessment & Report,COLUMBIA ASIA HOSPITAL � KLANG (KLANG),80.0
SELANGOR,ASSESSMENT & REPORT,General Pt Assessment & Report,DOCUMENTATION BASED CARE (SHAH ALAM),195.0
SELANGOR,ASSESSMENT & REPORT,Neuro/ Spinal Cord Injury Assessment & Report,WQ PARK HEALTH & REHABILITATION CENTRE (KELANA JAYAI),120.0
SELANGOR,ASSESSMENT & REPORT,SENSORY PERCEPTION TEST,WQ PARK HEALTH & REHABILITATION CENTRE (KELANA JAYAI),80.0
SELANGOR,ASSESSMENT & REPORT,Cognitive Assessment (Cognab)/ Perceptual Assessment & Repot,WQ PARK HEALTH & REHABILITATION CENTRE (KELANA JAYAI),160.0
SELANGOR,ASSESSMENT & REPORT,Cognitive Assessment (Cognab)/ Perceptual Assessment & Repot,REGEN REHABILITATION INTERNATIONAL SDN BHD (PETALING JAYA),100.0
SELANGOR,ASSESSMENT & REPORT,CLINICAL OBSERVATION NEUROMOTOR PERFORMANCE,WQ PARK HEALTH & REHABILITATION CENTRE (KELANA JAYAI),100.0
SELANGOR,ASSESSMENT & REPORT,VISUAL PERCEPTION TEST,WQ PARK HEALTH & REHABILITATION CENTRE (KELANA JAYAI),120.0
SELANGOR,ASSESSMENT & REPORT,Driving Assessment & Report,WQ PARK HEALTH & REHABILITATION CENTRE (KELANA JAYAI),550.0
SELANGOR,ASSESSMENT & REPORT,Prosthetic/ Amputation Assessment & Report,WQ PARK HEALTH & REHABILITATION CENTRE (KELANA JAYAI),250.0
SELANGOR,ASSESSMENT & REPORT,Worksite Assessment & Report,JOINCARE REHABILITATION CENTRE (SUBANG JAYA),250.0
SELANGOR,ASSESSMENT & REPORT,Worksite Assessment & Report,JOINCARE REHABILITATION CENTRE (KLANG),250.0
SELANGOR,ASSESSMENT & REPORT,Speech Therapy Assessment & Report,WQ PARK HEALTH & REHABILITATION CENTRE (KELANA JAYAI),250.0
SELANGOR,ASSESSMENT & REPORT,Speech Therapy Assessment & Report,REGEN REHABILITATION INTERNATIONAL SDN BHD (PETALING JAYA),80.0
SELANGOR,ASSESSMENT & REPORT,Speech Therapy Assessment & Report,WELL REHABILITATION CENTRE (SERI KEMBANGAN),200.0
SELANGOR,ASSESSMENT & REPORT,Speech Therapy Assessment & Report,KPJ KAJANG SPECIALIST HOSPITAL (KOMPLEKS OSTIA),250.0
SELANGOR,ASSESSMENT & REPORT,Speech Therapy Assessment & Report,KPJ KAJANG SPECIALIST HOSPITAL (BERANANG),250.0
SELANGOR,ASSESSMENT & REPORT,Psychological Assessment & Report,WQ PARK HEALTH & REHABILITATION CENTRE (KELANA JAYAI),250.0
SELANGOR,FUNCTIONAL CAPACITY EVALUATION & REPORT,Basic FCE,DOCUMENTATION BASED CARE (SHAH ALAM),220.0
SELANGOR,FUNCTIONAL CAPACITY EVALUATION & REPORT,Basic FCE,KPJ KAJANG SPECIALIST HOSPITAL (KOMPLEKS OSTIA),60.0
SELANGOR,FUNCTIONAL CAPACITY EVALUATION & REPORT,Basic FCE,KPJ KAJANG SPECIALIST HOSPITAL (BERANANG),60.0
SELANGOR,FUNCTIONAL CAPACITY EVALUATION & REPORT,Complete FCE (BTE PRIMUS),WQ PARK HEALTH & REHABILITATION CENTRE (KELANA JAYAI),550.0
SELANGOR,FUNCTIONAL CAPACITY EVALUATION & REPORT,Complete FCE (BTE PRIMUS),JOINCARE REHABILITATION CENTRE (SUBANG JAYA),550.0
SELANGOR,FUNCTIONAL CAPACITY EVALUATION & REPORT,Complete FCE (BTE PRIMUS),JOINCARE REHABILITATION CENTRE (KLANG),550.0
SELANGOR,SERVICES BY MODALITIES,Advance Equipment - Locomat,SAU SENG LUM REHABILITATION CENTRE (PUCHONG),150.0
SELANGOR,SERVICES BY MODALITIES,Advance Equipment - Locomat,SAU SENG LUM REHABILITATION CENTRE (PETALING JAYA),150.0
SELANGOR,SERVICES BY MODALITIES,Advance Equipment - Locomat,INFINITE REHABILITATION (M) SDN BHD (SUBANG JAYA),150.0
SELANGOR,SERVICES BY MODALITIES,Advance Equipment - Armeo arm,SAU SENG LUM REHABILITATION CENTRE (PUCHONG),100.0
SELANGOR,SERVICES BY MODALITIES,Advance Equipment - Armeo arm,SAU SENG LUM REHABILITATION CENTRE (PETALING JAYA),100.0
SELANGOR,SERVICES BY PACKAGE,Pakej - Neuro Rehab,SUBANG JAYA MEDICAL CENTRE (SUBANG JAYA),80.0
SELANGOR,SERVICES BY PACKAGE,Pakej - Neuro Rehab,ARA DAMANSARA MEDICAL CENTRE (ARA DAMANSARA),80.0
SELANGOR,SERVICES BY PACKAGE,Pakej - Neuro Rehab,RAWANG PHYSIOTHERAPY & REHABILITATION (RAWANG),80.0
SELANGOR,SERVICES BY PACKAGE,Pakej - Neuro Rehab,WELL REHABILITATION CENTRE (SERI KEMBANGAN),90.0
SELANGOR,SERVICES BY PACKAGE,Pakej - Spine/Back Injury,SUBANG JAYA MEDICAL CENTRE (SUBANG JAYA),62.0
SELANGOR,SERVICES BY PACKAGE,Pakej - Spine/Back Injury,ARA DAMANSARA MEDICAL CENTRE (ARA DAMANSARA),62.0
SELANGOR,SERVICES BY PACKAGE,Pakej - Spine/Back Injury,DAVID HEALTH SOLUTIONS (ASIA) SDN BHD (KLANG),90.0
SELANGOR,SERVICES BY PACKAGE,Pakej - Spine/Back Injury,RAWANG PHYSIOTHERAPY & REHABILITATION (RAWANG),80.0
SELANGOR,SERVICES BY PACKAGE,Pakej - Spine/Back Injury,KPJ KAJANG SPECIALIST HOSPITAL (KOMPLEKS OSTIA),80.0
SELANGOR,SERVICES BY PACKAGE,Pakej - Spine/Back Injury,KPJ KAJANG SPECIALIST HOSPITAL (BERANANG),80.0
SELANGOR,SERVICES BY PACKAGE,Pakej - Neck Injury,SUBANG JAYA MEDICAL CENTRE (SUBANG JAYA),62.0
SELANGOR,SERVICES BY PACKAGE,Pakej - Neck Injury,ARA DAMANSARA MEDICAL CENTRE (ARA DAMANSARA),62.0
SELANGOR,SERVICES BY PACKAGE,Pakej - Shoulder Injury,SUBANG JAYA MEDICAL CENTRE (SUBANG JAYA),80.0
SELANGOR,SERVICES BY PACKAGE,Pakej - Shoulder Injury,ARA DAMANSARA MEDICAL CENTRE (ARA DAMANSARA),80.0
SELANGOR,SERVICES BY PACKAGE,Pakej - Shoulder Injury,RAWANG PHYSIOTHERAPY & REHABILITATION (RAWANG),80.0
SELANGOR,SERVICES BY PACKAGE,Pakej - Knee Injury,SUBANG JAYA MEDICAL CENTRE (SUBANG JAYA),80.0
SELANGOR,SERVICES BY PACKAGE,Pakej - Knee Injury,ARA DAMANSARA MEDICAL CENTRE (ARA DAMANSARA),80.0
SELANGOR,SERVICES BY PACKAGE,Pakej - Knee Injury,DAVID HEALTH SOLUTIONS (ASIA) SDN BHD (KLANG),90.0
SELANGOR,SERVICES BY PACKAGE,Pakej - Knee Injury,RAWANG PHYSIOTHERAPY & REHABILITATION (RAWANG),80.0
SELANGOR,SERVICES BY PACKAGE,Pakej - Knee Injury,KPJ KAJANG SPECIALIST HOSPITAL (KOMPLEKS OSTIA),80.0
SELANGOR,SERVICES BY PACKAGE,Pakej - Knee Injury,KPJ KAJANG SPECIALIST HOSPITAL (BERANANG),80.0
SELANGOR,SERVICES BY PACKAGE,Pakej - Pain Management,DIAMAGNETIC PHYSIO CENTRE SDN BHD (SHAH ALAM),95.0
SELANGOR,SERVICES BY PACKAGE,Pakej - Pain Management,DIAMAGNETIC PHYSIO CENTRE SDN BHD (SUNGAI WAY),95.0
SELANGOR,SERVICES BY PACKAGE,Pakej - Pain Management,DIAMAGNETIC PHYSIO CENTRE SDN BHD (RAWANG),95.0
SELANGOR,SERVICES BY PACKAGE,Pakej - General Exercise,DIAMAGNETIC PHYSIO CENTRE SDN BHD (SHAH ALAM),60.0
SELANGOR,SERVICES BY PACKAGE,Pakej - General Exercise,DIAMAGNETIC PHYSIO CENTRE SDN BHD (SUNGAI WAY),60.0
SELANGOR,SERVICES BY PACKAGE,Pakej - General Exercise,DIAMAGNETIC PHYSIO CENTRE SDN BHD (RAWANG),60.0
SELANGOR,SERVICES BY PACKAGE,Pakej - Respiratory Exercise,SUBANG JAYA MEDICAL CENTRE (SUBANG JAYA),61.0
SELANGOR,SERVICES BY PACKAGE,Pakej - Respiratory Exercise,ARA DAMANSARA MEDICAL CENTRE (ARA DAMANSARA),61.0
SELANGOR,SERVICES BY PACKAGE,Pakej - 3 Electrical Modalities/ More,DAVID HEALTH SOLUTIONS (ASIA) SDN BHD (KLANG),90.0
SELANGOR,PHYSIOTHERAPY,CHEST PHYSIOTHERAPY SUCTION MACHINE,MY PHYSIO & REHAB CENTRE (SEPANG),60.0
SELANGOR,PHYSIOTHERAPY,HAND FUNCTION TRAINING,SUNWAY MEDICAL CENTRE SDN BHD (BANDAR SUNWAY),80.0
SELANGOR,OCCUPATIONAL THERAPY,SENSORY EDUCATION,WQ PARK HEALTH & REHABILITATION CENTRE (KELANA JAYAI),80.0
SELANGOR,SERVICES BY MODALITIES,Basic Equipment - Ambulation,WQ PARK HEALTH & REHABILITATION CENTRE (KELANA JAYAI),110.0
SELANGOR,SERVICES BY MODALITIES,Basic Equipment - Ambulation,SUBANG JAYA MEDICAL CENTRE (SUBANG JAYA),31.0
SELANGOR,SERVICES BY MODALITIES,Basic Equipment - Ambulation,ARA DAMANSARA MEDICAL CENTRE (ARA DAMANSARA),31.0
SELANGOR,SERVICES BY MODALITIES,Basic Equipment - Ambulation,RAWANG PHYSIOTHERAPY & REHABILITATION (RAWANG),80.0
SELANGOR,SERVICES BY MODALITIES,Basic Equipment - Traction,MOMO PHYSIOTHERAPY CENTRE (SHAH ALAM),40.0
SELANGOR,SERVICES BY MODALITIES,Basic Equipment - Mobilizing Exercise,MOMO PHYSIOTHERAPY CENTRE (SHAH ALAM),70.0
SELANGOR,SERVICES BY MODALITIES,Basic Equipment - Paraffin Wax,MOMO PHYSIOTHERAPY CENTRE (SHAH ALAM),30.0
SELANGOR,SERVICES BY MODALITIES,Advance Equipment - Shock Wave Therapy,MY PHYSIO & REHAB CENTRE (SEPANG),50.0
SELANGOR,SERVICES BY MODALITIES,Advance Equipment - Laser � Low Intensity or High Intensity,MY PHYSIO & REHAB CENTRE (SEPANG),50.0
ZON SELATAN,PHYSIOTHERAPY,Physiotherapy Treatment,SINAR REHABILITATION CENTRE (SEGAMAT),80.0
ZON SELATAN,PHYSIOTHERAPY,Physiotherapy Treatment,REHAB HEALTHCARE SDN BHD (KLUANG),80.0
ZON SELATAN,PHYSIOTHERAPY,Physiotherapy Treatment,KLUANG UTAMA SPECIALIST HOSPITAL (KLUANG),80.0
ZON SELATAN,PHYSIOTHERAPY,Physiotherapy Treatment,JB PHYSIOTHERAPY SDN BHD (JB),80.0
ZON SELATAN,PHYSIOTHERAPY,Physiotherapy Treatment,GREAT LIFE PHYSIO & REHABILITATION (JB),80.0
ZON SELATAN,PHYSIOTHERAPY,Physiotherapy Treatment,BP PHYSIOTHERAPY CENTRE (BATU PAHAT),80.0
ZON SELATAN,PHYSIOTHERAPY,Physiotherapy Treatment,TAGS SPINE & JOINT SPECIALISTS (JB),70.0
ZON SELATAN,PHYSIOTHERAPY,Physiotherapy Treatment,EPISODE FISIOTERAPI DAN PEMULIHAN (BATU PAHAT),80.0
ZON SELATAN,PHYSIOTHERAPY,Physiotherapy Treatment,"PANTAI INTEGRATED REHAB SERVICES SDN BHD, HOSPITAL PANTAI BATU PAHAT",80.0
ZON SELATAN,PHYSIOTHERAPY,Physiotherapy Treatment,"PHYSIOMOBILEMY SERVICES, PMMY GROUP SDN BHD (JB)",80.0
ZON SELATAN,PHYSIOTHERAPY,Physiotherapy Treatment,TAGS SPINE & JOINT SPECIALISTS (MELAKA),70.0
ZON SELATAN,PHYSIOTHERAPY,Physiotherapy Treatment,EZ PHYSIOTHERAPY CENTER (MELAKA),70.0
ZON SELATAN,PHYSIOTHERAPY,Physiotherapy Treatment,NSCMH MEDICAL CENTRE (SEREMBAN),90.0
ZON SELATAN,PHYSIOTHERAPY,Physiotherapy Treatment,SALAM SENAWANG SPECIALIST CENTRE (SENAWANG),90.0
ZON SELATAN,PHYSIOTHERAPY,Physiotherapy Treatment,TAGS SPINE & JOINT SPECIALISTS (SEREMBAN),70.0
ZON SELATAN,PHYSIOTHERAPY,Physiotherapy Treatment,"BAINS PHYSIO, BAINS THERAPEUTICS CENTRE SDN BHD (NILAI)",80.0
ZON SELATAN,PHYSIOTHERAPY,Physiotherapy Treatment,KPJ SEREMBAN SPECIALIST HOSPITAL (SEREMBAN),80.0
ZON SELATAN,OCCUPATIONAL THERAPY,Occupational Therapy Treatment,"PANTAI INTEGRATED REHAB SERVICES SDN BHD, HOSPITAL PANTAI BATU PAHAT",85.0
ZON SELATAN,OCCUPATIONAL THERAPY,Occupational Therapy Treatment,KPJ SEREMBAN SPECIALIST HOSPITAL (SEREMBAN),87.0
ZON SELATAN,SPEECH THERAPY,Speech Therapy Treatment,"PANTAI INTEGRATED REHAB SERVICES SDN BHD, HOSPITAL PANTAI BATU PAHAT",130.0
ZON SELATAN,SPEECH THERAPY,Speech Therapy Treatment,KPJ SEREMBAN SPECIALIST HOSPITAL (SEREMBAN),130.0
ZON SELATAN,PHYSIOTHERAPY,Home Therapy + Mileage,REHAB HEALTHCARE SDN BHD (KLUANG),100.0
ZON SELATAN,PHYSIOTHERAPY,Home Therapy + Mileage,GREAT LIFE PHYSIO & REHABILITATION (JB),110.0
ZON SELATAN,PHYSIOTHERAPY,Home Therapy + Mileage,BP PHYSIOTHERAPY CENTRE (BATU PAHAT),80.0
ZON SELATAN,PHYSIOTHERAPY,Home Therapy + Mileage,EPISODE FISIOTERAPI DAN PEMULIHAN (BATU PAHAT),100.0
ZON SELATAN,PHYSIOTHERAPY,Home Therapy + Mileage,"PHYSIOMOBILEMY SERVICES, PMMY GROUP SDN BHD (JB)",110.0
ZON SELATAN,PHYSIOTHERAPY,Home Therapy + Mileage,HMC PROVIDERS SDN BHD (SHAH ALAM),110.0
ZON SELATAN,PHYSIOTHERAPY,Home Therapy + Mileage,EZ PHYSIOTHERAPY CENTER (MELAKA),100.0
ZON SELATAN,PHYSIOTHERAPY,Home Therapy + Mileage,"BAINS PHYSIO, BAINS THERAPEUTICS CENTRE SDN BHD (NILAI)",100.0
ZON SELATAN,PHYSIOTHERAPY,Home Therapy + Mileage,HMC PROVIDERS SDN BHD (SHAH ALAM),100.0
ZON SELATAN,ASSESSMENT & REPORT,General Pt Assessment & Report,EZ PHYSIOTHERAPY CENTER (MELAKA),60.0
ZON SELATAN,ASSESSMENT & REPORT,General Pt Assessment & Report,NSCMH MEDICAL CENTRE (SEREMBAN),90.0
ZON SELATAN,ASSESSMENT & REPORT,General Pt Assessment & Report,"BAINS PHYSIO, BAINS THERAPEUTICS CENTRE SDN BHD (NILAI)",80.0
ZON SELATAN,ASSESSMENT & REPORT,Speech Therapy Assessment & Report,KPJ SEREMBAN SPECIALIST HOSPITAL (SEREMBAN),200.0
ZON SELATAN,FUNCTIONAL CAPACITY EVALUATION & REPORT,Basic FCE,SINAR REHABILITATION CENTRE (SEGAMAT),95.0
ZON SELATAN,FUNCTIONAL CAPACITY EVALUATION & REPORT,Basic FCE,"BAINS PHYSIO, BAINS THERAPEUTICS CENTRE SDN BHD (NILAI)",80.0
ZON SELATAN,FUNCTIONAL CAPACITY EVALUATION & REPORT,Basic FCE,KPJ SEREMBAN SPECIALIST HOSPITAL (SEREMBAN),113.0
ZON SELATAN,DRY NEEDLING/ACUPUNCTURE,Dry Needling Package,"BAINS PHYSIO, BAINS THERAPEUTICS CENTRE SDN BHD (NILAI)",40.0
ZON SELATAN,SERVICES BY PACKAGE,Pakej - Neuro Rehab,SINAR REHABILITATION CENTRE (SEGAMAT),45.0
ZON SELATAN,SERVICES BY PACKAGE,Pakej - Neuro Rehab,JB PHYSIOTHERAPY SDN BHD (JB),70.0
ZON SELATAN,SERVICES BY PACKAGE,Pakej - Neuro Rehab,BP PHYSIOTHERAPY CENTRE (BATU PAHAT),80.0
ZON SELATAN,SERVICES BY PACKAGE,Pakej - Neuro Rehab,SALAM SENAWANG SPECIALIST CENTRE (SENAWANG),90.0
ZON SELATAN,SERVICES BY PACKAGE,Pakej - Spine/Back Injury,NSCMH MEDICAL CENTRE (SEREMBAN),90.0
ZON SELATAN,SERVICES BY PACKAGE,Pakej - Spine/Back Injury,SALAM SENAWANG SPECIALIST CENTRE (SENAWANG),90.0
ZON SELATAN,SERVICES BY PACKAGE,Pakej - Cardiac Rehab,SALAM SENAWANG SPECIALIST CENTRE (SENAWANG),90.0
ZON SELATAN,SERVICES BY PACKAGE,Pakej - 3 Electrical Modalities/ More,NSCMH MEDICAL CENTRE (SEREMBAN),90.0
ZON SELATAN,PHYSIOTHERAPY,CHEST PHYSIOTHERAPY MANUAL,EPISODE FISIOTERAPI DAN PEMULIHAN (BATU PAHAT),20.0
ZON SELATAN,PHYSIOTHERAPY,CHEST PHYSIOTHERAPY SUCTION MACHINE,EPISODE FISIOTERAPI DAN PEMULIHAN (BATU PAHAT),30.0
ZON SELATAN,SERVICES BY MODALITIES,Basic Equipment - Traction,SINAR REHABILITATION CENTRE (SEGAMAT),53.0
ZON SELATAN,SERVICES BY MODALITIES,Advance Equipment - Shock Wave Therapy,KPJ SEREMBAN SPECIALIST HOSPITAL (SEREMBAN),85.0
Zon UTARA,PHYSIOTHERAPY,Physiotherapy Treatment,DOCUMENTATION BASED CARE (DBC ALOR SETAR),143.0
Zon UTARA,PHYSIOTHERAPY,Physiotherapy Treatment,LIFECARE PHYSIOTHERAPY CENTRE (SUNGAI PETANI),60.0
Zon UTARA,PHYSIOTHERAPY,Physiotherapy Treatment,MEDYNA PHYSIO AND REHAB SERVICES (ALOR SETAR),60.0
Zon UTARA,PHYSIOTHERAPY,Physiotherapy Treatment,LANGKAWAI PHYSIOTHERAPY CENTRE (LANGKAWI),60.0
Zon UTARA,PHYSIOTHERAPY,Physiotherapy Treatment,PHYSIOTHERAPY KULIM CENTRE (KULIM),60.0
Zon UTARA,PHYSIOTHERAPY,Physiotherapy Treatment,BAINS PHYSIO (ALOR SETAR),80.0
Zon UTARA,PHYSIOTHERAPY,Physiotherapy Treatment,WELL PHYSIO SDN BHD (BUKIT MERTAJAM),55.0
Zon UTARA,PHYSIOTHERAPY,Physiotherapy Treatment,DEE B.M. PHYSIOTHERAPY & REHABILITATION CENTRE (BUKIT MERTAJAM),80.0
Zon UTARA,PHYSIOTHERAPY,Physiotherapy Treatment,TAGS SPINE & JOINT SPECIALISTS (PENANG) - BAYAN LEPAS,70.0
Zon UTARA,PHYSIOTHERAPY,Physiotherapy Treatment,RESTORE PHYSIO & REHAB CENTRE (KEPALA BATAS),50.0
Zon UTARA,PHYSIOTHERAPY,Physiotherapy Treatment,OUR PHYSIO SDN BHD (BAYAN LEPAS),70.0
Zon UTARA,PHYSIOTHERAPY,Physiotherapy Treatment,"PANTAI INTEGRATED REHAB SERVICES SDN BHD, HOSPITAL PANTAI IPOH (IPOH)",80.0
Zon UTARA,PHYSIOTHERAPY,Physiotherapy Treatment,PHYSIOACTIVE REHAB & HEALTHCARE CENTRE (TELUK INTAN),70.0
Zon UTARA,PHYSIOTHERAPY,Physiotherapy Treatment,PAIN PARALYSIS PHYSIOTHERAPY CENTRE (IPOH),70.0
Zon UTARA,PHYSIOTHERAPY,Physiotherapy Treatment,DOCUMENTATION BASED CARE (DBC IPOH),143.0
Zon UTARA,PHYSIOTHERAPY,Physiotherapy Treatment,COLUMBIA ASIA HOSPITAL TAIPING (TAIPING),80.0
Zon UTARA,PHYSIOTHERAPY,Physiotherapy Treatment,ANSON BAY MEDICAL CENTRE (TELUK INTAN),70.0
Zon UTARA,PHYSIOTHERAPY,Physiotherapy Treatment,REHAB CARE PHYSIOTHERAPY CENTRE (SITIAWAN),70.0
Zon UTARA,PHYSIOTHERAPY,Physiotherapy Treatment,TAGS SPINE & JOINT SPECIALISTS (IPOH),70.0
Zon UTARA,PHYSIOTHERAPY,Physiotherapy Treatment,DIAMAGNETIC PHYSIO CENTRE SDN BHD (IPOH),135.0
Zon UTARA,PHYSIOTHERAPY,Physiotherapy Treatment,YAYASAN SULTAN IDRIS SHAH BAGI ORANG KURANG UPAYA PERAK (IPOH),30.0
Zon UTARA,PHYSIOTHERAPY,Physiotherapy Treatment,APOLLO PHYSIOTHERAPY CENTRE,50.0
Zon UTARA,OCCUPATIONAL THERAPY,Occupational Therapy Treatment,MEDYNA PHYSIO AND REHAB SERVICES (ALOR SETAR),60.0
Zon UTARA,OCCUPATIONAL THERAPY,Occupational Therapy Treatment,OUR PHYSIO SDN BHD (BAYAN LEPAS),70.0
Zon UTARA,OCCUPATIONAL THERAPY,Occupational Therapy Treatment,YAYASAN SULTAN IDRIS SHAH BAGI ORANG KURANG UPAYA PERAK (IPOH),30.0
Zon UTARA,SPEECH THERAPY,Speech Therapy Treatment,MEDYNA PHYSIO AND REHAB SERVICES (ALOR SETAR),80.0
Zon UTARA,SPEECH THERAPY,Speech Therapy Treatment,OUR PHYSIO SDN BHD (BAYAN LEPAS),120.0
Zon UTARA,SPEECH THERAPY,Speech Therapy Treatment,YAYASAN SULTAN IDRIS SHAH BAGI ORANG KURANG UPAYA PERAK (IPOH),50.0
Zon UTARA,PHYSIOTHERAPY,HYDROTHERAPY,YAYASAN SULTAN IDRIS SHAH BAGI ORANG KURANG UPAYA PERAK (IPOH),20.0
Zon UTARA,PHYSIOTHERAPY,Home Therapy + Mileage,MEDYNA PHYSIO AND REHAB SERVICES (ALOR SETAR),110.0
Zon UTARA,PHYSIOTHERAPY,Home Therapy + Mileage,LANGKAWAI PHYSIOTHERAPY CENTRE (LANGKAWI),100.0
Zon UTARA,PHYSIOTHERAPY,Home Therapy + Mileage,PHYSIOTHERAPY KULIM CENTRE (KULIM),110.0
Zon UTARA,PHYSIOTHERAPY,Home Therapy + Mileage,BAINS PHYSIO (ALOR SETAR),100.0
Zon UTARA,PHYSIOTHERAPY,Home Therapy + Mileage,DEE B.M. PHYSIOTHERAPY & REHABILITATION CENTRE (BUKIT MERTAJAM),80.0
Zon UTARA,PHYSIOTHERAPY,Home Therapy + Mileage,OUR PHYSIO SDN BHD (BAYAN LEPAS),95.0
Zon UTARA,PHYSIOTHERAPY,Home Therapy + Mileage,REHAB CARE PHYSIOTHERAPY CENTRE (SITIAWAN),80.0
Zon UTARA,CONSULTATION,Medical Officer (Initial Session),YAYASAN SULTAN IDRIS SHAH BAGI ORANG KURANG UPAYA PERAK (IPOH),50.0
Zon UTARA,ASSESSMENT & REPORT,General Pt Assessment & Report,DOCUMENTATION BASED CARE (DBC ALOR SETAR),195.0
Zon UTARA,ASSESSMENT & REPORT,General Pt Assessment & Report,BAINS PHYSIO (ALOR SETAR),80.0
Zon UTARA,ASSESSMENT & REPORT,General Pt Assessment & Report,OUR PHYSIO SDN BHD (BAYAN LEPAS),35.0
Zon UTARA,ASSESSMENT & REPORT,General Pt Assessment & Report,DOCUMENTATION BASED CARE (DBC IPOH),195.0
Zon UTARA,FUNCTIONAL CAPACITY EVALUATION & REPORT,Basic FCE,DOCUMENTATION BASED CARE (DBC ALOR SETAR),220.0
Zon UTARA,FUNCTIONAL CAPACITY EVALUATION & REPORT,Basic FCE,BAINS PHYSIO (ALOR SETAR),80.0
Zon UTARA,FUNCTIONAL CAPACITY EVALUATION & REPORT,Basic FCE,DOCUMENTATION BASED CARE (DBC IPOH),220.0
Zon UTARA,DRY NEEDLING/ACUPUNCTURE,Dry Needling Package,BAINS PHYSIO (ALOR SETAR),40.0
Zon UTARA,DRY NEEDLING/ACUPUNCTURE,Dry Needling Package,WELL PHYSIO SDN BHD (BUKIT MERTAJAM),35.0
Zon UTARA,SERVICES BY PACKAGE,Pakej - Neuro Rehab,RESTORE PHYSIO & REHAB CENTRE (KEPALA BATAS),60.0
Zon UTARA,SERVICES BY PACKAGE,Pakej - Neuro Rehab,"PANTAI INTEGRATED REHAB SERVICES SDN BHD, HOSPITAL PANTAI IPOH (IPOH)",145.0
Zon UTARA,SERVICES BY PACKAGE,Pakej - General Exercise,DIAMAGNETIC PHYSIO CENTRE SDN BHD (IPOH),60.0
Zon UTARA,SERVICES BY MODALITIES,Advance Equipment - Shock Wave Therapy,WELL PHYSIO SDN BHD (BUKIT MERTAJAM),85.0
ZON TIMUR,PHYSIOTHERAPY,Physiotherapy Treatment,KUANTAN MEDICAL CENTRE (KUANTAN),80.0
ZON TIMUR,PHYSIOTHERAPY,Physiotherapy Treatment,KPJ PAHANG SPECIALIST HOSPITAL SDN BHD (KUANTAN),80.0
ZON TIMUR,PHYSIOTHERAPY,Physiotherapy Treatment,ACE PHYSIOTHERAPY CENTRE (CAMERON HIGHLANDS),80.0
ZON TIMUR,PHYSIOTHERAPY,Physiotherapy Treatment,PHYSIOTHERAPY AND OCCUPATIONAL THERAPY CENTRE (POTCKB),70.0
ZON TIMUR,OCCUPATIONAL THERAPY,Occupational Therapy Treatment,PHYSIOTHERAPY AND OCCUPATIONAL THERAPY CENTRE (POTCKB),70.0
ZON TIMUR,SPEECH THERAPY,Speech Therapy Treatment,PHYSIOTHERAPY AND OCCUPATIONAL THERAPY CENTRE (POTCKB),70.0
ZON TIMUR,PHYSIOTHERAPY,HYDROTHERAPY,PHYSIOTHERAPY AND OCCUPATIONAL THERAPY CENTRE (POTCKB),50.0
ZON TIMUR,PHYSIOTHERAPY,Home Therapy + Mileage,HMC PROVIDERS SDN BHD (SHAH ALAM),110.0
ZON TIMUR,PHYSIOTHERAPY,Home Therapy + Mileage,PHYSIOTHERAPY AND OCCUPATIONAL THERAPY CENTRE (POTCKB),100.0
ZON TIMUR,SERVICES BY PACKAGE,Pakej - Neuro Rehab,KUANTAN MEDICAL CENTRE (KUANTAN),80.0
ZON TIMUR,SERVICES BY PACKAGE,Pakej - Neuro Rehab,KPJ PAHANG SPECIALIST HOSPITAL SDN BHD (KUANTAN),80.0
ZON TIMUR,SERVICES BY PACKAGE,Pakej - Spine/Back Injury,KPJ PAHANG SPECIALIST HOSPITAL SDN BHD (KUANTAN),80.0
ZON TIMUR,SERVICES BY PACKAGE,Pakej - Sport Rehab,KPJ PAHANG SPECIALIST HOSPITAL SDN BHD (KUANTAN),80.0
ZON TIMUR,SERVICES BY PACKAGE,Pakej - 3 Electrical Modalities/ More,KUANTAN MEDICAL CENTRE (KUANTAN),80.0
ZON TIMUR,PHYSIOTHERAPY,CHEST PHYSIOTHERAPY SUCTION MACHINE,HMC PROVIDERS SDN BHD (SHAH ALAM),80.0
ZON TIMUR,SERVICES BY MODALITIES,Advance Equipment - Shock Wave Therapy,KPJ PAHANG SPECIALIST HOSPITAL SDN BHD (KUANTAN),80.0
ZON BORNEO,PHYSIOTHERAPY,Physiotherapy Treatment,BIOREHAB PHYSIOTHERAPY SDN BHD (LABUAN),80.0
ZON BORNEO,PHYSIOTHERAPY,Physiotherapy Treatment,BIOREHAB PHYSIOTHERAPY SDN BHD (KOTA KINABALU),80.0
ZON BORNEO,PHYSIOTHERAPY,Physiotherapy Treatment,BIOREHAB PHYSIOTHERAPY SDN BHD (SANDAKAN),80.0
ZON BORNEO,PHYSIOTHERAPY,Physiotherapy Treatment,BERKAT PHYSIOTHERAPY CENTRE (SANDAKAN),80.0
ZON BORNEO,PHYSIOTHERAPY,Physiotherapy Treatment,K.K PHYSIOCARE SDN BHD (KK),100.0
ZON BORNEO,PHYSIOTHERAPY,Physiotherapy Treatment,MOVE WELL PHYSIOTHERAPY & REHABILITATION (KK),75.0
ZON BORNEO,PHYSIOTHERAPY,Physiotherapy Treatment,VALERIE MUSCULOSKELETAL & SPORTS PHYSIOTHERAPY (KK),80.0
ZON BORNEO,PHYSIOTHERAPY,Physiotherapy Treatment,BODYCARE PHYSIO & TRADITIONAL CHINESE MEDICAL CENTRE (TCMC) (TAWAU),70.0
ZON BORNEO,PHYSIOTHERAPY,Physiotherapy Treatment,TAWAU PHYSIOTHERAPY CENTRE (TAWAU),80.0
ZON BORNEO,PHYSIOTHERAPY,Physiotherapy Treatment,TAGS SPINE & JOINT SPECIALISTS (KOTA KINABALU),70.0
ZON BORNEO,PHYSIOTHERAPY,Physiotherapy Treatment,SABAH PHYSIOTHERAPY CENTRE (KK),90.0
ZON BORNEO,PHYSIOTHERAPY,Physiotherapy Treatment,"DAMAI WELLNESS CENTRE, KOTA KINABALU SPECIALIST HOSPITAL SDN. BHD (KK)",65.0
ZON BORNEO,PHYSIOTHERAPY,Physiotherapy Treatment,DOCUMENTATION BASED CARE ( DBC KUCHING),143.0
ZON BORNEO,PHYSIOTHERAPY,Physiotherapy Treatment,REJANG HEALTHCARE CENTRE SDN BHD (SIBU),60.0
ZON BORNEO,PHYSIOTHERAPY,Physiotherapy Treatment,TABUAN HEALTHCARE & NURSING (KUCHING),70.0
ZON BORNEO,PHYSIOTHERAPY,Physiotherapy Treatment,TAGS SPINE & JOINT SPECIALISTS (KUCHING),70.0
ZON BORNEO,PHYSIOTHERAPY,Physiotherapy Treatment,TAGS SPINE & JOINT SPECIALISTS (MIRI),70.0
ZON BORNEO,PHYSIOTHERAPY,Physiotherapy Treatment,COLUMBIA ASIA HOSPITAL BINTULU,100.0
ZON BORNEO,PHYSIOTHERAPY,Physiotherapy Treatment,NORMAH MEDICAL SPECIALIST CENTRE (KUCHING),80.0
ZON BORNEO,PHYSIOTHERAPY,Physiotherapy Treatment,REHAB CONCEPT SDN BHD (KUCHING),70.0
ZON BORNEO,OCCUPATIONAL THERAPY,Occupational Therapy Treatment,NORMAH MEDICAL SPECIALIST CENTRE (KUCHING),80.0
ZON BORNEO,OCCUPATIONAL THERAPY,Occupational Therapy Treatment,REHAB CONCEPT SDN BHD (KUCHING),80.0
ZON BORNEO,SPEECH THERAPY,Speech Therapy Treatment,NORMAH MEDICAL SPECIALIST CENTRE (KUCHING),130.0
ZON BORNEO,SPEECH THERAPY,Speech Therapy Treatment,REHAB CONCEPT SDN BHD (KUCHING),130.0
ZON BORNEO,HOSTEL,INPATIENT - HOSTEL & MAKAN,"DAMAI WELLNESS CENTRE, KOTA KINABALU SPECIALIST HOSPITAL SDN. BHD (KK)",89.0
ZON BORNEO,HOSTEL,INPATIENT - HOSTEL & MAKAN,TABUAN HEALTHCARE & NURSING (KUCHING),220.0
ZON BORNEO,PHYSIOTHERAPY,Home Therapy + Mileage,BIOREHAB PHYSIOTHERAPY SDN BHD (LABUAN),100.0
ZON BORNEO,PHYSIOTHERAPY,Home Therapy + Mileage,BIOREHAB PHYSIOTHERAPY SDN BHD (KOTA KINABALU),100.0
ZON BORNEO,PHYSIOTHERAPY,Home Therapy + Mileage,BIOREHAB PHYSIOTHERAPY SDN BHD (SANDAKAN),100.0
ZON BORNEO,PHYSIOTHERAPY,Home Therapy + Mileage,BERKAT PHYSIOTHERAPY CENTRE (SANDAKAN),100.0
ZON BORNEO,PHYSIOTHERAPY,Home Therapy + Mileage,K.K PHYSIOCARE SDN BHD (KK),100.0
ZON BORNEO,PHYSIOTHERAPY,Home Therapy + Mileage,MOVE WELL PHYSIOTHERAPY & REHABILITATION (KK),90.0
ZON BORNEO,PHYSIOTHERAPY,Home Therapy + Mileage,TAWAU PHYSIOTHERAPY CENTRE (TAWAU),110.0
ZON BORNEO,PHYSIOTHERAPY,Home Therapy + Mileage,NORMAH MEDICAL SPECIALIST CENTRE (KUCHING),100.0
ZON BORNEO,ASSESSMENT & REPORT,General Pt Assessment & Report,BIOREHAB PHYSIOTHERAPY SDN BHD (LABUAN),30.0
ZON BORNEO,ASSESSMENT & REPORT,General Pt Assessment & Report,MOVE WELL PHYSIOTHERAPY & REHABILITATION (KK),10.0
ZON BORNEO,ASSESSMENT & REPORT,General Pt Assessment & Report,DOCUMENTATION BASED CARE ( DBC KUCHING),195.0
ZON BORNEO,FUNCTIONAL CAPACITY EVALUATION & REPORT,Basic FCE,DOCUMENTATION BASED CARE ( DBC KUCHING),220.0
ZON BORNEO,DRY NEEDLING/ACUPUNCTURE,Dry Needling Package,K.K PHYSIOCARE SDN BHD (KK),40.0
ZON BORNEO,SERVICES BY PACKAGE,Pakej - Neuro Rehab,BIOREHAB PHYSIOTHERAPY SDN BHD (LABUAN),80.0
ZON BORNEO,SERVICES BY PACKAGE,Pakej - Neuro Rehab,BIOREHAB PHYSIOTHERAPY SDN BHD (KOTA KINABALU),80.0
ZON BORNEO,SERVICES BY PACKAGE,Pakej - Neuro Rehab,BIOREHAB PHYSIOTHERAPY SDN BHD (SANDAKAN),80.0
ZON BORNEO,SERVICES BY PACKAGE,Pakej - Neuro Rehab,K.K PHYSIOCARE SDN BHD (KK),100.0
ZON BORNEO,SERVICES BY PACKAGE,Pakej - Neuro Rehab,MOVE WELL PHYSIOTHERAPY & REHABILITATION (KK),75.0
ZON BORNEO,SERVICES BY PACKAGE,Pakej - Neuro Rehab,"DAMAI WELLNESS CENTRE, KOTA KINABALU SPECIALIST HOSPITAL SDN. BHD (KK)",65.0
ZON BORNEO,SERVICES BY PACKAGE,Pakej - Neuro Rehab,TABUAN HEALTHCARE & NURSING (KUCHING),80.0
ZON BORNEO,SERVICES BY PACKAGE,Pakej - Cardiac Rehab,TABUAN HEALTHCARE & NURSING (KUCHING),60.0
ZON BORNEO,SERVICES BY PACKAGE,Pakej - General Exercise,TAWAU PHYSIOTHERAPY CENTRE (TAWAU),80.0
ZON BORNEO,SERVICES BY PACKAGE,Pakej - Respiratory Exercise,TABUAN HEALTHCARE & NURSING (KUCHING),60.0
ZON BORNEO,SERVICES BY PACKAGE,Pakej - 3 Electrical Modalities/ More,BIOREHAB PHYSIOTHERAPY SDN BHD (LABUAN),80.0
ZON BORNEO,SERVICES BY PACKAGE,Pakej - 3 Electrical Modalities/ More,K.K PHYSIOCARE SDN BHD (KK),30.0
ZON BORNEO,PHYSIOTHERAPY,CHEST PHYSIOTHERAPY MANUAL,K.K PHYSIOCARE SDN BHD (KK),30.0
ZON BORNEO,PHYSIOTHERAPY,CHEST PHYSIOTHERAPY MANUAL,MOVE WELL PHYSIOTHERAPY & REHABILITATION (KK),50.0
ZON BORNEO,PHYSIOTHERAPY,CHEST PHYSIOTHERAPY MANUAL,REHAB CONCEPT SDN BHD (KUCHING),30.0
ZON BORNEO,PHYSIOTHERAPY,CHEST PHYSIOTHERAPY SUCTION MACHINE,K.K PHYSIOCARE SDN BHD (KK),80.0
ZON BORNEO,PHYSIOTHERAPY,CHEST PHYSIOTHERAPY SUCTION MACHINE,MOVE WELL PHYSIOTHERAPY & REHABILITATION (KK),50.0
ZON BORNEO,PHYSIOTHERAPY,CHEST PHYSIOTHERAPY SUCTION MACHINE,"DAMAI WELLNESS CENTRE, KOTA KINABALU SPECIALIST HOSPITAL SDN. BHD (KK)",60.0
ZON BORNEO,PHYSIOTHERAPY,CHEST PHYSIOTHERAPY SUCTION MACHINE,TABUAN HEALTHCARE & NURSING (KUCHING),10.0
ZON BORNEO,PHYSIOTHERAPY,CHEST PHYSIOTHERAPY SUCTION MACHINE,REHAB CONCEPT SDN BHD (KUCHING),70.0
ZON BORNEO,SERVICES BY MODALITIES,Basic Equipment - Ambulation,K.K PHYSIOCARE SDN BHD (KK),100.0
ZON BORNEO,SERVICES BY MODALITIES,Basic Equipment - Traction,TAWAU PHYSIOTHERAPY CENTRE (TAWAU),50.0
ZON BORNEO,SERVICES BY MODALITIES,Basic Equipment - Paraffin Wax,TAWAU PHYSIOTHERAPY CENTRE (TAWAU),30.0
ZON LEMBAH KLANG NEW,PHYSIOTHERAPY,Physiotherapy Treatment,DOCUMENTATION BASED CARE (DBC HQ),143.0
ZON LEMBAH KLANG NEW,PHYSIOTHERAPY,Physiotherapy Treatment,DOCUMENTATION BASED CARE (DBC TTDI),143.0
ZON LEMBAH KLANG NEW,PHYSIOTHERAPY,Physiotherapy Treatment,DOCUMENTATION BASE CARE (DBC JALAN KUCHING),143.0
ZON LEMBAH KLANG NEW,PHYSIOTHERAPY,Physiotherapy Treatment,PUSAT FISIOTERAPI & REHABILITASI MAIWP-PICOMS (JALAN IPOH),80.0
ZON LEMBAH KLANG NEW,PHYSIOTHERAPY,Physiotherapy Treatment,PARKCITY MEDICAL CENTRE (DESA PARK CITY),80.0
ZON LEMBAH KLANG NEW,PHYSIOTHERAPY,Physiotherapy Treatment,TAGS SPECIALISTS CENTER SDN BHD (HQ) (JALAN PUDU ULU),70.0
ZON LEMBAH KLANG NEW,PHYSIOTHERAPY,Physiotherapy Treatment,KPJ TAWAKKAL HEALTH CENTRE (JALAN PAHANG),120.0
ZON LEMBAH KLANG NEW,PHYSIOTHERAPY,Physiotherapy Treatment,TAMAN DESA MEDICAL CENTRE (TAMAN DESA),80.0
ZON LEMBAH KLANG NEW,PHYSIOTHERAPY,Physiotherapy Treatment,NURSINAR GLOBAL ENTERPRISE (TAMAN SETIAWANGSA),80.0
ZON LEMBAH KLANG NEW,PHYSIOTHERAPY,Physiotherapy Treatment,WQ PARK HEALTH & REHABILITATION CENTRE (SRI RAMPAI),90.0
ZON LEMBAH KLANG NEW,PHYSIOTHERAPY,Physiotherapy Treatment,APPLE PHYSIOTHERAPY CENTRE (DESA PANDAN),90.0
ZON LEMBAH KLANG NEW,PHYSIOTHERAPY,Physiotherapy Treatment,YOUR PHYSIO SDN BHD (HQ) (CHERAS),91.0
ZON LEMBAH KLANG NEW,PHYSIOTHERAPY,Physiotherapy Treatment,MALAYSIAN MEDICAL & HEALTHCARE CENTRE (JALAN IPOH),55.0
ZON LEMBAH KLANG NEW,PHYSIOTHERAPY,Physiotherapy Treatment,WORLD RENAISSANCE PHYSIOTHERAPY (AMPANG),60.0
ZON LEMBAH KLANG NEW,PHYSIOTHERAPY,Physiotherapy Treatment,DIAMAGNETIC PHYSIO CENTRE SDN BHD (CHERAS),135.0
ZON LEMBAH KLANG NEW,PHYSIOTHERAPY,Physiotherapy Treatment,BAINS MELAWATI,80.0
ZON LEMBAH KLANG NEW,PHYSIOTHERAPY,Physiotherapy Treatment,HOSPITAL PUSRAWI,80.0
ZON LEMBAH KLANG NEW,PHYSIOTHERAPY,Physiotherapy Treatment,WQ PARK HEALTH & REHABILITATION CENTRE (KELANA JAYAI),90.0
ZON LEMBAH KLANG NEW,PHYSIOTHERAPY,Physiotherapy Treatment,SUBANG JAYA MEDICAL CENTRE (SUBANG JAYA),80.0
ZON LEMBAH KLANG NEW,PHYSIOTHERAPY,Physiotherapy Treatment,ARA DAMANSARA MEDICAL CENTRE (ARA DAMANSARA),80.0
ZON LEMBAH KLANG NEW,PHYSIOTHERAPY,Physiotherapy Treatment,SAU SENG LUM REHABILITATION CENTRE (PUCHONG),80.0
ZON LEMBAH KLANG NEW,PHYSIOTHERAPY,Physiotherapy Treatment,SAU SENG LUM REHABILITATION CENTRE (PETALING JAYA),80.0
ZON LEMBAH KLANG NEW,PHYSIOTHERAPY,Physiotherapy Treatment,PUTRA MEDIC PHYSIOTHERAPY CENTRE (BANDAR PUTRA PERMAI),80.0
ZON LEMBAH KLANG NEW,PHYSIOTHERAPY,Physiotherapy Treatment,PUTIH FISIOTERAPI CENTRE (BANGI),55.0
ZON LEMBAH KLANG NEW,PHYSIOTHERAPY,Physiotherapy Treatment,MOMO PHYSIOTHERAPY CENTRE (SHAH ALAM),70.0
ZON LEMBAH KLANG NEW,PHYSIOTHERAPY,Physiotherapy Treatment,MEDWELL PHYSIOTHERAPY SDN BHD (PETALING JAYA),85.0
ZON LEMBAH KLANG NEW,PHYSIOTHERAPY,Physiotherapy Treatment,MEDWELL PHYSIOTHERAPY SDN BHD (KLANG),85.0
ZON LEMBAH KLANG NEW,PHYSIOTHERAPY,Physiotherapy Treatment,REGEN REHABILITATION INTERNATIONAL SDN BHD (PETALING JAYA),80.0
ZON LEMBAH KLANG NEW,PHYSIOTHERAPY,Physiotherapy Treatment,JOINCARE REHABILITATION CENTRE (SUBANG JAYA),80.0
ZON LEMBAH KLANG NEW,PHYSIOTHERAPY,Physiotherapy Treatment,JOINCARE REHABILITATION CENTRE (KLANG),80.0
ZON LEMBAH KLANG NEW,PHYSIOTHERAPY,Physiotherapy Treatment,INFINITE REHABILITATION (M) SDN BHD (SUBANG JAYA),70.0
ZON LEMBAH KLANG NEW,PHYSIOTHERAPY,Physiotherapy Treatment,DAVID HEALTH SOLUTIONS (ASIA) SDN BHD (KLANG),90.0
ZON LEMBAH KLANG NEW,PHYSIOTHERAPY,Physiotherapy Treatment,RAWANG PHYSIOTHERAPY & REHABILITATION (RAWANG),80.0
ZON LEMBAH KLANG NEW,PHYSIOTHERAPY,Physiotherapy Treatment,COLUMBIA ASIA HOSPITAL � PUCHONG (PUCHONG),70.0
ZON LEMBAH KLANG NEW,PHYSIOTHERAPY,Physiotherapy Treatment,MYPHYSIOWORKS SDN BHD (BANTING),70.0
ZON LEMBAH KLANG NEW,PHYSIOTHERAPY,Physiotherapy Treatment,MYPHYSIOWORKS SDN BHD (KLANG),70.0
ZON LEMBAH KLANG NEW,PHYSIOTHERAPY,Physiotherapy Treatment,DYNAMIQUE SPORTS INJURY & REHABILITATION CENTRE (PETALING JAYA),70.0
ZON LEMBAH KLANG NEW,PHYSIOTHERAPY,Physiotherapy Treatment,DIAMAGNETIC PHYSIO CENTRE SDN BHD (SHAH ALAM),135.0
ZON LEMBAH KLANG NEW,PHYSIOTHERAPY,Physiotherapy Treatment,DIAMAGNETIC PHYSIO CENTRE SDN BHD (SUNGAI WAY),135.0
ZON LEMBAH KLANG NEW,PHYSIOTHERAPY,Physiotherapy Treatment,DIAMAGNETIC PHYSIO CENTRE SDN BHD (RAWANG),135.0
ZON LEMBAH KLANG NEW,PHYSIOTHERAPY,Physiotherapy Treatment,SMART INTEGRATED THERAPY (SHAH ALAM),80.0
ZON LEMBAH KLANG NEW,PHYSIOTHERAPY,Physiotherapy Treatment,SUNWAY MEDICAL CENTRE SDN BHD (BANDAR SUNWAY),80.0
ZON LEMBAH KLANG NEW,PHYSIOTHERAPY,Physiotherapy Treatment,COLUMBIA ASIA HOSPITAL � KLANG (KLANG),70.0
ZON LEMBAH KLANG NEW,PHYSIOTHERAPY,Physiotherapy Treatment,DOCUMENTATION BASED CARE (SHAH ALAM),143.0
ZON LEMBAH KLANG NEW,PHYSIOTHERAPY,Physiotherapy Treatment,YOUR PHYSIO SDN BHD (PJ) (PETALING JAYA),91.0
ZON LEMBAH KLANG NEW,PHYSIOTHERAPY,Physiotherapy Treatment,WELL REHABILITATION CENTRE (SERI KEMBANGAN),90.0
ZON LEMBAH KLANG NEW,PHYSIOTHERAPY,Physiotherapy Treatment,KPJ KAJANG SPECIALIST HOSPITAL (KOMPLEKS OSTIA),60.0
ZON LEMBAH KLANG NEW,PHYSIOTHERAPY,Physiotherapy Treatment,KPJ KAJANG SPECIALIST HOSPITAL (BERANANG),60.0
ZON LEMBAH KLANG NEW,PHYSIOTHERAPY,Physiotherapy Treatment,CHONG PHYSIOTHERAPY & REHABILITATION CENTRE (BALAKONG),80.0
ZON LEMBAH KLANG NEW,PHYSIOTHERAPY,Physiotherapy Treatment,MY PHYSIO & REHAB CENTRE (SEPANG),80.0
ZON LEMBAH KLANG NEW,PHYSIOTHERAPY,Physiotherapy Treatment,COLUMBIA ASIA EXTENDED CARE HOSPITAL SHAH ALAM (SHAH ALAM),80.0
ZON LEMBAH KLANG NEW,PHYSIOTHERAPY,Physiotherapy Treatment,PHYSIO PLUS (PETALING JAYA),80.0
ZON LEMBAH KLANG NEW,PHYSIOTHERAPY,Physiotherapy Treatment,AXIS PHYSIOTHERAPY (PETALING JAYA),80.0
ZON LEMBAH KLANG NEW,PHYSIOTHERAPY,Physiotherapy Treatment,DAMAI PHYSIO AND REHAB (PREVIOUSLY KNOWN AS: TRICARES PHYSIO & REHAB SDN BHD) (KAJANG),50.0
ZON LEMBAH KLANG NEW,PHYSIOTHERAPY,Physiotherapy Treatment,TAIPAN PHYSIOTHERAPY & REHABILITATION CENTRE (SUBANG JAYA),80.0
ZON LEMBAH KLANG NEW,PHYSIOTHERAPY,Physiotherapy Treatment,"PHYSIOMOBILEMY SERVICES, PMMY GROUP SDN BHD (SHAH ALAM)",80.0
ZON LEMBAH KLANG NEW,OCCUPATIONAL THERAPY,Occupational Therapy Treatment,PARKCITY MEDICAL CENTRE (DESA PARK CITY),80.0
ZON LEMBAH KLANG NEW,OCCUPATIONAL THERAPY,Occupational Therapy Treatment,KPJ TAWAKKAL HEALTH CENTRE (JALAN PAHANG),120.0
ZON LEMBAH KLANG NEW,OCCUPATIONAL THERAPY,Occupational Therapy Treatment,WQ PARK HEALTH & REHABILITATION CENTRE (SRI RAMPAI),90.0
ZON LEMBAH KLANG NEW,OCCUPATIONAL THERAPY,Occupational Therapy Treatment,APPLE PHYSIOTHERAPY CENTRE (DESA PANDAN),85.0
ZON LEMBAH KLANG NEW,OCCUPATIONAL THERAPY,Occupational Therapy Treatment,WQ PARK HEALTH & REHABILITATION CENTRE (KELANA JAYAI),90.0
ZON LEMBAH KLANG NEW,OCCUPATIONAL THERAPY,Occupational Therapy Treatment,SUBANG JAYA MEDICAL CENTRE (SUBANG JAYA),80.0
ZON LEMBAH KLANG NEW,OCCUPATIONAL THERAPY,Occupational Therapy Treatment,ARA DAMANSARA MEDICAL CENTRE (ARA DAMANSARA),80.0
ZON LEMBAH KLANG NEW,OCCUPATIONAL THERAPY,Occupational Therapy Treatment,SAU SENG LUM REHABILITATION CENTRE (PUCHONG),80.0
ZON LEMBAH KLANG NEW,OCCUPATIONAL THERAPY,Occupational Therapy Treatment,SAU SENG LUM REHABILITATION CENTRE (PETALING JAYA),80.0
ZON LEMBAH KLANG NEW,OCCUPATIONAL THERAPY,Occupational Therapy Treatment,REGEN REHABILITATION INTERNATIONAL SDN BHD (PETALING JAYA),80.0
ZON LEMBAH KLANG NEW,OCCUPATIONAL THERAPY,Occupational Therapy Treatment,JOINCARE REHABILITATION CENTRE (SUBANG JAYA),80.0
ZON LEMBAH KLANG NEW,OCCUPATIONAL THERAPY,Occupational Therapy Treatment,JOINCARE REHABILITATION CENTRE (KLANG),80.0
ZON LEMBAH KLANG NEW,OCCUPATIONAL THERAPY,Occupational Therapy Treatment,INFINITE REHABILITATION (M) SDN BHD (SUBANG JAYA),80.0
ZON LEMBAH KLANG NEW,OCCUPATIONAL THERAPY,Occupational Therapy Treatment,RAWANG PHYSIOTHERAPY & REHABILITATION (RAWANG),80.0
ZON LEMBAH KLANG NEW,OCCUPATIONAL THERAPY,Occupational Therapy Treatment,SMART INTEGRATED THERAPY (SHAH ALAM),80.0
ZON LEMBAH KLANG NEW,OCCUPATIONAL THERAPY,Occupational Therapy Treatment,WELL REHABILITATION CENTRE (SERI KEMBANGAN),90.0
ZON LEMBAH KLANG NEW,OCCUPATIONAL THERAPY,Occupational Therapy Treatment,KPJ KAJANG SPECIALIST HOSPITAL (KOMPLEKS OSTIA),60.0
ZON LEMBAH KLANG NEW,OCCUPATIONAL THERAPY,Occupational Therapy Treatment,KPJ KAJANG SPECIALIST HOSPITAL (BERANANG),60.0
ZON LEMBAH KLANG NEW,OCCUPATIONAL THERAPY,Occupational Therapy Treatment,COLUMBIA ASIA EXTENDED CARE HOSPITAL SHAH ALAM (SHAH ALAM),80.0
ZON LEMBAH KLANG NEW,OCCUPATIONAL THERAPY,Occupational Therapy Treatment,PHYSIO PLUS (PETALING JAYA),80.0
ZON LEMBAH KLANG NEW,OCCUPATIONAL THERAPY,Transitional Living Care Facility,KPJ TAWAKKAL HEALTH CENTRE (JALAN PAHANG),80.0
ZON LEMBAH KLANG NEW,SPEECH THERAPY,Speech Therapy Treatment,PARKCITY MEDICAL CENTRE (DESA PARK CITY),80.0
ZON LEMBAH KLANG NEW,SPEECH THERAPY,Speech Therapy Treatment,KPJ TAWAKKAL HEALTH CENTRE (JALAN PAHANG),150.0
ZON LEMBAH KLANG NEW,SPEECH THERAPY,Speech Therapy Treatment,WQ PARK HEALTH & REHABILITATION CENTRE (SRI RAMPAI),150.0
ZON LEMBAH KLANG NEW,SPEECH THERAPY,Speech Therapy Treatment,APPLE PHYSIOTHERAPY CENTRE (DESA PANDAN),120.0
ZON LEMBAH KLANG NEW,SPEECH THERAPY,Speech Therapy Treatment,WQ PARK HEALTH & REHABILITATION CENTRE (KELANA JAYAI),150.0
ZON LEMBAH KLANG NEW,SPEECH THERAPY,Speech Therapy Treatment,SUBANG JAYA MEDICAL CENTRE (SUBANG JAYA),80.0
ZON LEMBAH KLANG NEW,SPEECH THERAPY,Speech Therapy Treatment,ARA DAMANSARA MEDICAL CENTRE (ARA DAMANSARA),80.0
ZON LEMBAH KLANG NEW,SPEECH THERAPY,Speech Therapy Treatment,REGEN REHABILITATION INTERNATIONAL SDN BHD (PETALING JAYA),80.0
ZON LEMBAH KLANG NEW,SPEECH THERAPY,Speech Therapy Treatment,INFINITE REHABILITATION (M) SDN BHD (SUBANG JAYA),130.0
ZON LEMBAH KLANG NEW,SPEECH THERAPY,Speech Therapy Treatment,SMART INTEGRATED THERAPY (SHAH ALAM),80.0
ZON LEMBAH KLANG NEW,SPEECH THERAPY,Speech Therapy Treatment,WELL REHABILITATION CENTRE (SERI KEMBANGAN),150.0
ZON LEMBAH KLANG NEW,SPEECH THERAPY,Speech Therapy Treatment,KPJ KAJANG SPECIALIST HOSPITAL (KOMPLEKS OSTIA),150.0
ZON LEMBAH KLANG NEW,SPEECH THERAPY,Speech Therapy Treatment,KPJ KAJANG SPECIALIST HOSPITAL (BERANANG),150.0
ZON LEMBAH KLANG NEW,PHYSIOTHERAPY,HYDROTHERAPY,PARKCITY MEDICAL CENTRE (DESA PARK CITY),80.0
ZON LEMBAH KLANG NEW,PHYSIOTHERAPY,HYDROTHERAPY,WQ PARK HEALTH & REHABILITATION CENTRE (SRI RAMPAI),80.0
ZON LEMBAH KLANG NEW,PHYSIOTHERAPY,HYDROTHERAPY,WQ PARK HEALTH & REHABILITATION CENTRE (KELANA JAYAI),80.0
ZON LEMBAH KLANG NEW,PHYSIOTHERAPY,HYDROTHERAPY,SUBANG JAYA MEDICAL CENTRE (SUBANG JAYA),80.0
ZON LEMBAH KLANG NEW,PHYSIOTHERAPY,HYDROTHERAPY,ARA DAMANSARA MEDICAL CENTRE (ARA DAMANSARA),80.0
ZON LEMBAH KLANG NEW,PSYCHOLOGY,Psychology Treatment,KPJ TAWAKKAL HEALTH CENTRE (JALAN PAHANG),110.0
ZON LEMBAH KLANG NEW,PSYCHOLOGY,Psychology Treatment,WQ PARK HEALTH & REHABILITATION CENTRE (SRI RAMPAI),110.0
ZON LEMBAH KLANG NEW,PSYCHOLOGY,Psychology Treatment,WQ PARK HEALTH & REHABILITATION CENTRE (KELANA JAYAI),110.0
ZON LEMBAH KLANG NEW,ADMINISTRATION SERVICES,First Registration Fees,COLUMBIA ASIA HOSPITAL � PUCHONG (PUCHONG),7.0
ZON LEMBAH KLANG NEW,PHYSIOTHERAPY,Home Therapy + Mileage,MY FLEX HEALTH GROUP SDN BHD (BUKIT JALIL),80.0
ZON LEMBAH KLANG NEW,PHYSIOTHERAPY,Home Therapy + Mileage,MALAYSIAN MEDICAL & HEALTHCARE CENTRE (JALAN IPOH),70.0
ZON LEMBAH KLANG NEW,PHYSIOTHERAPY,Home Therapy + Mileage,BAINS MELAWATI,100.0
ZON LEMBAH KLANG NEW,PHYSIOTHERAPY,Home Therapy + Mileage,REGEN REHABILITATION INTERNATIONAL SDN BHD (PETALING JAYA),100.0
ZON LEMBAH KLANG NEW,PHYSIOTHERAPY,Home Therapy + Mileage,RAWANG PHYSIOTHERAPY & REHABILITATION (RAWANG),100.0
ZON LEMBAH KLANG NEW,PHYSIOTHERAPY,Home Therapy + Mileage,HMC PROVIDERS SDN BHD (SHAH ALAM),100.0
ZON LEMBAH KLANG NEW,PHYSIOTHERAPY,Home Therapy + Mileage,MY PHYSIO & REHAB CENTRE (SEPANG),100.0
ZON LEMBAH KLANG NEW,PHYSIOTHERAPY,Home Therapy + Mileage,LOVE ON WHEELS HEALTHCARE SERVICES SDN BHD (PETALING JAYA),100.0
ZON LEMBAH KLANG NEW,PHYSIOTHERAPY,Home Therapy + Mileage,"PHYSIOMOBILEMY SERVICES, PMMY GROUP SDN BHD (SHAH ALAM)",110.0
ZON LEMBAH KLANG NEW,CONSULTATION,Rehab Specialist (Initial Session ),KPJ TAWAKKAL HEALTH CENTRE (JALAN PAHANG),180.0
ZON LEMBAH KLANG NEW,CONSULTATION,Rehab Specialist (Initial Session ),WQ PARK HEALTH & REHABILITATION CENTRE (SRI RAMPAI),190.0
ZON LEMBAH KLANG NEW,CONSULTATION,Rehab Specialist (Initial Session ),WQ PARK HEALTH & REHABILITATION CENTRE (KELANA JAYAI),190.0
ZON LEMBAH KLANG NEW,CONSULTATION,Rehab Specialist (Initial Session ),REGEN REHABILITATION INTERNATIONAL SDN BHD (PETALING JAYA),180.0
ZON LEMBAH KLANG NEW,CONSULTATION,Rehab Specialist (Initial Session ),INFINITE REHABILITATION (M) SDN BHD (SUBANG JAYA),180.0
ZON LEMBAH KLANG NEW,CONSULTATION,Rehab Specialist (Initial Session ),KPJ KAJANG SPECIALIST HOSPITAL (KOMPLEKS OSTIA),180.0
ZON LEMBAH KLANG NEW,CONSULTATION,Rehab Specialist (Initial Session ),KPJ KAJANG SPECIALIST HOSPITAL (BERANANG),180.0
ZON LEMBAH KLANG NEW,CONSULTATION,Rehab Specialist (Follow Up Session),KPJ TAWAKKAL HEALTH CENTRE (JALAN PAHANG),90.0
ZON LEMBAH KLANG NEW,CONSULTATION,Rehab Specialist (Follow Up Session),WQ PARK HEALTH & REHABILITATION CENTRE (SRI RAMPAI),190.0
ZON LEMBAH KLANG NEW,CONSULTATION,Rehab Specialist (Follow Up Session),WQ PARK HEALTH & REHABILITATION CENTRE (KELANA JAYAI),190.0
ZON LEMBAH KLANG NEW,CONSULTATION,Rehab Specialist (Follow Up Session),REGEN REHABILITATION INTERNATIONAL SDN BHD (PETALING JAYA),90.0
ZON LEMBAH KLANG NEW,CONSULTATION,Rehab Specialist (Follow Up Session),INFINITE REHABILITATION (M) SDN BHD (SUBANG JAYA),120.0
ZON LEMBAH KLANG NEW,CONSULTATION,Rehab Specialist (Follow Up Session),KPJ KAJANG SPECIALIST HOSPITAL (KOMPLEKS OSTIA),90.0
ZON LEMBAH KLANG NEW,CONSULTATION,Rehab Specialist (Follow Up Session),KPJ KAJANG SPECIALIST HOSPITAL (BERANANG),90.0
ZON LEMBAH KLANG NEW,CONSULTATION,Medical Officer (Initial Session),WQ PARK HEALTH & REHABILITATION CENTRE (SRI RAMPAI),50.0
ZON LEMBAH KLANG NEW,CONSULTATION,Medical Officer (Initial Session),WQ PARK HEALTH & REHABILITATION CENTRE (KELANA JAYAI),50.0
ZON LEMBAH KLANG NEW,ASSESSMENT & REPORT,General Pt Assessment & Report,DOCUMENTATION BASED CARE (DBC HQ),195.0
ZON LEMBAH KLANG NEW,ASSESSMENT & REPORT,General Pt Assessment & Report,DOCUMENTATION BASED CARE (DBC TTDI),195.0
ZON LEMBAH KLANG NEW,ASSESSMENT & REPORT,General Pt Assessment & Report,DOCUMENTATION BASE CARE (DBC JALAN KUCHING),195.0
ZON LEMBAH KLANG NEW,ASSESSMENT & REPORT,General Pt Assessment & Report,WORLD RENAISSANCE PHYSIOTHERAPY (AMPANG),80.0
ZON LEMBAH KLANG NEW,ASSESSMENT & REPORT,General Pt Assessment & Report,BAINS MELAWATI,80.0
ZON LEMBAH KLANG NEW,ASSESSMENT & REPORT,General Pt Assessment & Report,REGEN REHABILITATION INTERNATIONAL SDN BHD (PETALING JAYA),80.0
ZON LEMBAH KLANG NEW,ASSESSMENT & REPORT,General Pt Assessment & Report,DAVID HEALTH SOLUTIONS (ASIA) SDN BHD (KLANG),90.0
ZON LEMBAH KLANG NEW,ASSESSMENT & REPORT,General Pt Assessment & Report,MYPHYSIOWORKS SDN BHD (BANTING),70.0
ZON LEMBAH KLANG NEW,ASSESSMENT & REPORT,General Pt Assessment & Report,MYPHYSIOWORKS SDN BHD (KLANG),70.0
ZON LEMBAH KLANG NEW,ASSESSMENT & REPORT,General Pt Assessment & Report,DYNAMIQUE SPORTS INJURY & REHABILITATION CENTRE (PETALING JAYA),100.0
ZON LEMBAH KLANG NEW,ASSESSMENT & REPORT,General Pt Assessment & Report,COLUMBIA ASIA HOSPITAL � KLANG (KLANG),80.0
ZON LEMBAH KLANG NEW,ASSESSMENT & REPORT,General Pt Assessment & Report,DOCUMENTATION BASED CARE (SHAH ALAM),195.0
ZON LEMBAH KLANG NEW,ASSESSMENT & REPORT,Neuro/ Spinal Cord Injury Assessment & Report,WQ PARK HEALTH & REHABILITATION CENTRE (SRI RAMPAI),120.0
ZON LEMBAH KLANG NEW,ASSESSMENT & REPORT,Neuro/ Spinal Cord Injury Assessment & Report,WQ PARK HEALTH & REHABILITATION CENTRE (KELANA JAYAI),120.0
ZON LEMBAH KLANG NEW,ASSESSMENT & REPORT,SENSORY PERCEPTION TEST,WQ PARK HEALTH & REHABILITATION CENTRE (SRI RAMPAI),80.0
ZON LEMBAH KLANG NEW,ASSESSMENT & REPORT,SENSORY PERCEPTION TEST,WQ PARK HEALTH & REHABILITATION CENTRE (KELANA JAYAI),80.0
ZON LEMBAH KLANG NEW,ASSESSMENT & REPORT,Cognitive Assessment (Cognab)/ Perceptual Assessment & Repot,WQ PARK HEALTH & REHABILITATION CENTRE (SRI RAMPAI),160.0
ZON LEMBAH KLANG NEW,ASSESSMENT & REPORT,Cognitive Assessment (Cognab)/ Perceptual Assessment & Repot,WQ PARK HEALTH & REHABILITATION CENTRE (KELANA JAYAI),160.0
ZON LEMBAH KLANG NEW,ASSESSMENT & REPORT,Cognitive Assessment (Cognab)/ Perceptual Assessment & Repot,REGEN REHABILITATION INTERNATIONAL SDN BHD (PETALING JAYA),100.0
ZON LEMBAH KLANG NEW,ASSESSMENT & REPORT,CLINICAL OBSERVATION NEUROMOTOR PERFORMANCE,WQ PARK HEALTH & REHABILITATION CENTRE (SRI RAMPAI),100.0
ZON LEMBAH KLANG NEW,ASSESSMENT & REPORT,CLINICAL OBSERVATION NEUROMOTOR PERFORMANCE,WQ PARK HEALTH & REHABILITATION CENTRE (KELANA JAYAI),100.0
ZON LEMBAH KLANG NEW,ASSESSMENT & REPORT,VISUAL PERCEPTION TEST,WQ PARK HEALTH & REHABILITATION CENTRE (SRI RAMPAI),120.0
ZON LEMBAH KLANG NEW,ASSESSMENT & REPORT,VISUAL PERCEPTION TEST,WQ PARK HEALTH & REHABILITATION CENTRE (KELANA JAYAI),120.0
ZON LEMBAH KLANG NEW,ASSESSMENT & REPORT,Driving Assessment & Report,WQ PARK HEALTH & REHABILITATION CENTRE (SRI RAMPAI),550.0
ZON LEMBAH KLANG NEW,ASSESSMENT & REPORT,Driving Assessment & Report,WQ PARK HEALTH & REHABILITATION CENTRE (KELANA JAYAI),550.0
ZON LEMBAH KLANG NEW,ASSESSMENT & REPORT,Prosthetic/ Amputation Assessment & Report,WQ PARK HEALTH & REHABILITATION CENTRE (SRI RAMPAI),250.0
ZON LEMBAH KLANG NEW,ASSESSMENT & REPORT,Prosthetic/ Amputation Assessment & Report,WQ PARK HEALTH & REHABILITATION CENTRE (KELANA JAYAI),250.0
ZON LEMBAH KLANG NEW,ASSESSMENT & REPORT,Worksite Assessment & Report,JOINCARE REHABILITATION CENTRE (SUBANG JAYA),250.0
ZON LEMBAH KLANG NEW,ASSESSMENT & REPORT,Worksite Assessment & Report,JOINCARE REHABILITATION CENTRE (KLANG),250.0
ZON LEMBAH KLANG NEW,ASSESSMENT & REPORT,Speech Therapy Assessment & Report,KPJ TAWAKKAL HEALTH CENTRE (JALAN PAHANG),250.0
ZON LEMBAH KLANG NEW,ASSESSMENT & REPORT,Speech Therapy Assessment & Report,WQ PARK HEALTH & REHABILITATION CENTRE (SRI RAMPAI),250.0
ZON LEMBAH KLANG NEW,ASSESSMENT & REPORT,Speech Therapy Assessment & Report,WQ PARK HEALTH & REHABILITATION CENTRE (KELANA JAYAI),250.0
ZON LEMBAH KLANG NEW,ASSESSMENT & REPORT,Speech Therapy Assessment & Report,REGEN REHABILITATION INTERNATIONAL SDN BHD (PETALING JAYA),80.0
ZON LEMBAH KLANG NEW,ASSESSMENT & REPORT,Speech Therapy Assessment & Report,WELL REHABILITATION CENTRE (SERI KEMBANGAN),200.0
ZON LEMBAH KLANG NEW,ASSESSMENT & REPORT,Speech Therapy Assessment & Report,KPJ KAJANG SPECIALIST HOSPITAL (KOMPLEKS OSTIA),250.0
ZON LEMBAH KLANG NEW,ASSESSMENT & REPORT,Speech Therapy Assessment & Report,KPJ KAJANG SPECIALIST HOSPITAL (BERANANG),250.0
ZON LEMBAH KLANG NEW,ASSESSMENT & REPORT,Psychological Assessment & Report,KPJ TAWAKKAL HEALTH CENTRE (JALAN PAHANG),200.0
ZON LEMBAH KLANG NEW,ASSESSMENT & REPORT,Psychological Assessment & Report,WQ PARK HEALTH & REHABILITATION CENTRE (SRI RAMPAI),250.0
ZON LEMBAH KLANG NEW,ASSESSMENT & REPORT,Psychological Assessment & Report,WQ PARK HEALTH & REHABILITATION CENTRE (KELANA JAYAI),250.0
ZON LEMBAH KLANG NEW,FUNCTIONAL CAPACITY EVALUATION & REPORT,Basic FCE,DOCUMENTATION BASED CARE (DBC HQ),220.0
ZON LEMBAH KLANG NEW,FUNCTIONAL CAPACITY EVALUATION & REPORT,Basic FCE,DOCUMENTATION BASED CARE (DBC TTDI),220.0
ZON LEMBAH KLANG NEW,FUNCTIONAL CAPACITY EVALUATION & REPORT,Basic FCE,DOCUMENTATION BASE CARE (DBC JALAN KUCHING),220.0
ZON LEMBAH KLANG NEW,FUNCTIONAL CAPACITY EVALUATION & REPORT,Basic FCE,BAINS MELAWATI,80.0
ZON LEMBAH KLANG NEW,FUNCTIONAL CAPACITY EVALUATION & REPORT,Basic FCE,DOCUMENTATION BASED CARE (SHAH ALAM),220.0
ZON LEMBAH KLANG NEW,FUNCTIONAL CAPACITY EVALUATION & REPORT,Basic FCE,KPJ KAJANG SPECIALIST HOSPITAL (KOMPLEKS OSTIA),60.0
ZON LEMBAH KLANG NEW,FUNCTIONAL CAPACITY EVALUATION & REPORT,Basic FCE,KPJ KAJANG SPECIALIST HOSPITAL (BERANANG),60.0
ZON LEMBAH KLANG NEW,FUNCTIONAL CAPACITY EVALUATION & REPORT,Complete FCE (BTE PRIMUS),KPJ TAWAKKAL HEALTH CENTRE (JALAN PAHANG),550.0
ZON LEMBAH KLANG NEW,FUNCTIONAL CAPACITY EVALUATION & REPORT,Complete FCE (BTE PRIMUS),WQ PARK HEALTH & REHABILITATION CENTRE (SRI RAMPAI),550.0
ZON LEMBAH KLANG NEW,FUNCTIONAL CAPACITY EVALUATION & REPORT,Complete FCE (BTE PRIMUS),WQ PARK HEALTH & REHABILITATION CENTRE (KELANA JAYAI),550.0
ZON LEMBAH KLANG NEW,FUNCTIONAL CAPACITY EVALUATION & REPORT,Complete FCE (BTE PRIMUS),JOINCARE REHABILITATION CENTRE (SUBANG JAYA),550.0
ZON LEMBAH KLANG NEW,FUNCTIONAL CAPACITY EVALUATION & REPORT,Complete FCE (BTE PRIMUS),JOINCARE REHABILITATION CENTRE (KLANG),550.0
ZON LEMBAH KLANG NEW,FUNCTIONAL CAPACITY EVALUATION & REPORT,By Part FCE (BTE PRIMUS),KPJ TAWAKKAL HEALTH CENTRE (JALAN PAHANG),200 - 500
ZON LEMBAH KLANG NEW,FUNCTIONAL CAPACITY EVALUATION & REPORT,By Part FCE (BTE PRIMUS),WQ PARK HEALTH & REHABILITATION CENTRE (SRI RAMPAI),200 - 500
ZON LEMBAH KLANG NEW,FUNCTIONAL CAPACITY EVALUATION & REPORT,By Part FCE (BTE PRIMUS),WQ PARK HEALTH & REHABILITATION CENTRE (KELANA JAYAI),200 - 500
ZON LEMBAH KLANG NEW,FUNCTIONAL CAPACITY EVALUATION & REPORT,By Part FCE (BTE PRIMUS),SAU SENG LUM REHABILITATION CENTRE (PUCHONG),200 - 500
ZON LEMBAH KLANG NEW,FUNCTIONAL CAPACITY EVALUATION & REPORT,By Part FCE (BTE PRIMUS),SAU SENG LUM REHABILITATION CENTRE (PETALING JAYA),200 - 500
ZON LEMBAH KLANG NEW,FUNCTIONAL CAPACITY EVALUATION & REPORT,By Part FCE (BTE PRIMUS),JOINCARE REHABILITATION CENTRE (SUBANG JAYA),200 - 500
ZON LEMBAH KLANG NEW,FUNCTIONAL CAPACITY EVALUATION & REPORT,By Part FCE (BTE PRIMUS),JOINCARE REHABILITATION CENTRE (KLANG),200 - 500
ZON LEMBAH KLANG NEW,PHYSIOTHERAPY,Alter-G (Anti Graviti) Physio,KPJ TAWAKKAL HEALTH CENTRE (JALAN PAHANG),150.0
ZON LEMBAH KLANG NEW,PHYSIOTHERAPY,Tbion (Tibion Bionic Technology) Rehab,KPJ TAWAKKAL HEALTH CENTRE (JALAN PAHANG),80.0
ZON LEMBAH KLANG NEW,SERVICES BY MODALITIES,Advance Equipment - Locomat,SAU SENG LUM REHABILITATION CENTRE (PUCHONG),150.0
ZON LEMBAH KLANG NEW,SERVICES BY MODALITIES,Advance Equipment - Locomat,SAU SENG LUM REHABILITATION CENTRE (PETALING JAYA),150.0
ZON LEMBAH KLANG NEW,SERVICES BY MODALITIES,Advance Equipment - Locomat,INFINITE REHABILITATION (M) SDN BHD (SUBANG JAYA),150.0
ZON LEMBAH KLANG NEW,SERVICES BY MODALITIES,Advance Equipment - Armeo arm,SAU SENG LUM REHABILITATION CENTRE (PUCHONG),100.0
ZON LEMBAH KLANG NEW,SERVICES BY MODALITIES,Advance Equipment - Armeo arm,SAU SENG LUM REHABILITATION CENTRE (PETALING JAYA),100.0
ZON LEMBAH KLANG NEW,DRY NEEDLING/ACUPUNCTURE,Dry Needling Package,BAINS MELAWATI,40.0
ZON LEMBAH KLANG NEW,SERVICES BY PACKAGE,Pakej - Neuro Rehab,PARKCITY MEDICAL CENTRE (DESA PARK CITY),80.0
ZON LEMBAH KLANG NEW,SERVICES BY PACKAGE,Pakej - Neuro Rehab,APPLE PHYSIOTHERAPY CENTRE (DESA PANDAN),90.0
ZON LEMBAH KLANG NEW,SERVICES BY PACKAGE,Pakej - Neuro Rehab,MALAYSIAN MEDICAL & HEALTHCARE CENTRE (JALAN IPOH),60.0
ZON LEMBAH KLANG NEW,SERVICES BY PACKAGE,Pakej - Neuro Rehab,WORLD RENAISSANCE PHYSIOTHERAPY (AMPANG),80.0
ZON LEMBAH KLANG NEW,SERVICES BY PACKAGE,Pakej - Neuro Rehab,SUBANG JAYA MEDICAL CENTRE (SUBANG JAYA),80.0
ZON LEMBAH KLANG NEW,SERVICES BY PACKAGE,Pakej - Neuro Rehab,ARA DAMANSARA MEDICAL CENTRE (ARA DAMANSARA),80.0
ZON LEMBAH KLANG NEW,SERVICES BY PACKAGE,Pakej - Neuro Rehab,RAWANG PHYSIOTHERAPY & REHABILITATION (RAWANG),80.0
ZON LEMBAH KLANG NEW,SERVICES BY PACKAGE,Pakej - Neuro Rehab,WELL REHABILITATION CENTRE (SERI KEMBANGAN),90.0
ZON LEMBAH KLANG NEW,SERVICES BY PACKAGE,Pakej - Spine/Back Injury,PARKCITY MEDICAL CENTRE (DESA PARK CITY),62.0
ZON LEMBAH KLANG NEW,SERVICES BY PACKAGE,Pakej - Spine/Back Injury,KPJ TAWAKKAL HEALTH CENTRE (JALAN PAHANG),80.0
ZON LEMBAH KLANG NEW,SERVICES BY PACKAGE,Pakej - Spine/Back Injury,SUBANG JAYA MEDICAL CENTRE (SUBANG JAYA),62.0
ZON LEMBAH KLANG NEW,SERVICES BY PACKAGE,Pakej - Spine/Back Injury,ARA DAMANSARA MEDICAL CENTRE (ARA DAMANSARA),62.0
ZON LEMBAH KLANG NEW,SERVICES BY PACKAGE,Pakej - Spine/Back Injury,DAVID HEALTH SOLUTIONS (ASIA) SDN BHD (KLANG),90.0
ZON LEMBAH KLANG NEW,SERVICES BY PACKAGE,Pakej - Spine/Back Injury,RAWANG PHYSIOTHERAPY & REHABILITATION (RAWANG),80.0
ZON LEMBAH KLANG NEW,SERVICES BY PACKAGE,Pakej - Spine/Back Injury,KPJ KAJANG SPECIALIST HOSPITAL (KOMPLEKS OSTIA),80.0
ZON LEMBAH KLANG NEW,SERVICES BY PACKAGE,Pakej - Spine/Back Injury,KPJ KAJANG SPECIALIST HOSPITAL (BERANANG),80.0
ZON LEMBAH KLANG NEW,SERVICES BY PACKAGE,Pakej - Neck Injury,PARKCITY MEDICAL CENTRE (DESA PARK CITY),62.0
ZON LEMBAH KLANG NEW,SERVICES BY PACKAGE,Pakej - Neck Injury,SUBANG JAYA MEDICAL CENTRE (SUBANG JAYA),62.0
ZON LEMBAH KLANG NEW,SERVICES BY PACKAGE,Pakej - Neck Injury,ARA DAMANSARA MEDICAL CENTRE (ARA DAMANSARA),62.0
ZON LEMBAH KLANG NEW,SERVICES BY PACKAGE,Pakej - Shoulder Injury,PARKCITY MEDICAL CENTRE (DESA PARK CITY),80.0
ZON LEMBAH KLANG NEW,SERVICES BY PACKAGE,Pakej - Shoulder Injury,SUBANG JAYA MEDICAL CENTRE (SUBANG JAYA),80.0
ZON LEMBAH KLANG NEW,SERVICES BY PACKAGE,Pakej - Shoulder Injury,ARA DAMANSARA MEDICAL CENTRE (ARA DAMANSARA),80.0
ZON LEMBAH KLANG NEW,SERVICES BY PACKAGE,Pakej - Shoulder Injury,RAWANG PHYSIOTHERAPY & REHABILITATION (RAWANG),80.0
ZON LEMBAH KLANG NEW,SERVICES BY PACKAGE,Pakej - Knee Injury,PARKCITY MEDICAL CENTRE (DESA PARK CITY),80.0
ZON LEMBAH KLANG NEW,SERVICES BY PACKAGE,Pakej - Knee Injury,KPJ TAWAKKAL HEALTH CENTRE (JALAN PAHANG),80.0
ZON LEMBAH KLANG NEW,SERVICES BY PACKAGE,Pakej - Knee Injury,SUBANG JAYA MEDICAL CENTRE (SUBANG JAYA),80.0
ZON LEMBAH KLANG NEW,SERVICES BY PACKAGE,Pakej - Knee Injury,ARA DAMANSARA MEDICAL CENTRE (ARA DAMANSARA),80.0
ZON LEMBAH KLANG NEW,SERVICES BY PACKAGE,Pakej - Knee Injury,DAVID HEALTH SOLUTIONS (ASIA) SDN BHD (KLANG),90.0
ZON LEMBAH KLANG NEW,SERVICES BY PACKAGE,Pakej - Knee Injury,RAWANG PHYSIOTHERAPY & REHABILITATION (RAWANG),80.0
ZON LEMBAH KLANG NEW,SERVICES BY PACKAGE,Pakej - Knee Injury,KPJ KAJANG SPECIALIST HOSPITAL (KOMPLEKS OSTIA),80.0
ZON LEMBAH KLANG NEW,SERVICES BY PACKAGE,Pakej - Knee Injury,KPJ KAJANG SPECIALIST HOSPITAL (BERANANG),80.0
ZON LEMBAH KLANG NEW,SERVICES BY PACKAGE,Pakej - Pain Management,DIAMAGNETIC PHYSIO CENTRE SDN BHD (CHERAS),95.0
ZON LEMBAH KLANG NEW,SERVICES BY PACKAGE,Pakej - Pain Management,DIAMAGNETIC PHYSIO CENTRE SDN BHD (SHAH ALAM),95.0
ZON LEMBAH KLANG NEW,SERVICES BY PACKAGE,Pakej - Pain Management,DIAMAGNETIC PHYSIO CENTRE SDN BHD (SUNGAI WAY),95.0
ZON LEMBAH KLANG NEW,SERVICES BY PACKAGE,Pakej - Pain Management,DIAMAGNETIC PHYSIO CENTRE SDN BHD (RAWANG),95.0
ZON LEMBAH KLANG NEW,SERVICES BY PACKAGE,Pakej - Cardiac Rehab,WORLD RENAISSANCE PHYSIOTHERAPY (AMPANG),65.0
ZON LEMBAH KLANG NEW,SERVICES BY PACKAGE,Pakej - General Exercise,DIAMAGNETIC PHYSIO CENTRE SDN BHD (CHERAS),60.0
ZON LEMBAH KLANG NEW,SERVICES BY PACKAGE,Pakej - General Exercise,DIAMAGNETIC PHYSIO CENTRE SDN BHD (SHAH ALAM),60.0
ZON LEMBAH KLANG NEW,SERVICES BY PACKAGE,Pakej - General Exercise,DIAMAGNETIC PHYSIO CENTRE SDN BHD (SUNGAI WAY),60.0
ZON LEMBAH KLANG NEW,SERVICES BY PACKAGE,Pakej - General Exercise,DIAMAGNETIC PHYSIO CENTRE SDN BHD (RAWANG),60.0
ZON LEMBAH KLANG NEW,SERVICES BY PACKAGE,Pakej - Respiratory Exercise,PARKCITY MEDICAL CENTRE (DESA PARK CITY),61.0
ZON LEMBAH KLANG NEW,SERVICES BY PACKAGE,Pakej - Respiratory Exercise,SUBANG JAYA MEDICAL CENTRE ZON LEMBAH KLANG NEW,SERVICES BY PACKAGE,Pakej - Respiratory Exercise,ARA DAMANSARA MEDICAL CENTRE (ARA DAMANSARA),61.0
ZON LEMBAH KLANG NEW,SERVICES BY PACKAGE,Pakej - 3 Electrical Modalities/ More,DAVID HEALTH SOLUTIONS (ASIA) SDN BHD (KLANG),90.0
ZON LEMBAH KLANG NEW,PHYSIOTHERAPY,CHEST PHYSIOTHERAPY SUCTION MACHINE,MY PHYSIO & REHAB CENTRE (SEPANG),60.0
ZON LEMBAH KLANG NEW,PHYSIOTHERAPY,HAND FUNCTION TRAINING,APPLE PHYSIOTHERAPY CENTRE (DESA PANDAN),30.0
ZON LEMBAH KLANG NEW,PHYSIOTHERAPY,HAND FUNCTION TRAINING,SUNWAY MEDICAL CENTRE SDN BHD (BANDAR SUNWAY),80.0
ZON LEMBAH KLANG NEW,OCCUPATIONAL THERAPY,OT TX/ THERAPEUTIC EXERCISE,APPLE PHYSIOTHERAPY CENTRE (DESA PANDAN),50.0
ZON LEMBAH KLANG NEW,OCCUPATIONAL THERAPY,Work Simulation Training / Work Hardening,SUNWAY MEDICAL CENTRE SDN BHD (BANDAR SUNWAY),45.0
ZON LEMBAH KLANG NEW,OCCUPATIONAL THERAPY,SENSORY EDUCATION,WQ PARK HEALTH & REHABILITATION CENTRE (SRI RAMPAI),80.0
ZON LEMBAH KLANG NEW,OCCUPATIONAL THERAPY,SENSORY EDUCATION,WQ PARK HEALTH & REHABILITATION CENTRE (KELANA JAYAI),80.0
ZON LEMBAH KLANG NEW,SERVICES BY MODALITIES,Basic Equipment - Ambulation,PARKCITY MEDICAL CENTRE (DESA PARK CITY),31.0
ZON LEMBAH KLANG NEW,SERVICES BY MODALITIES,Basic Equipment - Ambulation,WQ PARK HEALTH & REHABILITATION CENTRE (SRI RAMPAI),110.0
ZON LEMBAH KLANG NEW,SERVICES BY MODALITIES,Basic Equipment - Ambulation,WQ PARK HEALTH & REHABILITATION CENTRE (KELANA JAYAI),110.0
ZON LEMBAH KLANG NEW,SERVICES BY MODALITIES,Basic Equipment - Ambulation,SUBANG JAYA MEDICAL CENTRE (SUBANG JAYA),31.0
ZON LEMBAH KLANG NEW,SERVICES BY MODALITIES,Basic Equipment - Ambulation,ARA DAMANSARA MEDICAL CENTRE (ARA DAMANSARA),31.0
ZON LEMBAH KLANG NEW,SERVICES BY MODALITIES,Basic Equipment - Ambulation,RAWANG PHYSIOTHERAPY & REHABILITATION (RAWANG),80.0
ZON LEMBAH KLANG NEW,SERVICES BY MODALITIES,Basic Equipment - Traction,MOMO PHYSIOTHERAPY CENTRE (SHAH ALAM),40.0
ZON LEMBAH KLANG NEW,SERVICES BY MODALITIES,Basic Equipment - Mobilizing Exercise,MOMO PHYSIOTHERAPY CENTRE (SHAH ALAM),70.0
ZON LEMBAH KLANG NEW,SERVICES BY MODALITIES,Basic Equipment - Paraffin Wax,MOMO PHYSIOTHERAPY CENTRE (SHAH ALAM),30.0
ZON LEMBAH KLANG NEW,SERVICES BY MODALITIES,Advance Equipment - Shock Wave Therapy,NURSINAR GLOBAL ENTERPRISE (TAMAN SETIAWANGSA),85.0
ZON LEMBAH KLANG NEW,SERVICES BY MODALITIES,Advance Equipment - Shock Wave Therapy,MY PHYSIO & REHAB CENTRE (SEPANG),50.0
ZON LEMBAH KLANG NEW,SERVICES BY MODALITIES,Advance Equipment - Laser � Low Intensity or High Intensity,NURSINAR GLOBAL ENTERPRISE (TAMAN SETIAWANGSA),85.0
ZON LEMBAH KLANG NEW,SERVICES BY MODALITIES,Advance Equipment - Laser � Low Intensity or High Intensity,MY PHYSIO & REHAB CENTRE (SEPANG),50.0
SABAH,SERVICES BY MODALITIES,Basic Equipment - Ambulation,K.K PHYSIOCARE SDN BHD (KK),100.0
SELANGOR,OCCUPATIONAL THERAPY,Work Simulation Training / Work Hardening,SUNWAY MEDICAL CENTRE SDN BHD (BANDAR SUNWAY),45.0
SELANGOR,ASSESSMENT & REPORT,General Ot Assessment & Report,REGEN REHABILITATION INTERNATIONAL SDN BHD (PETALING JAYA),80.0
SELANGOR,FUNCTIONAL CAPACITY EVALUATION & REPORT,By Part FCE (BTE PRIMUS),WQ PARK HEALTH & REHABILITATION CENTRE (KELANA JAYAI),200-500
SELANGOR,FUNCTIONAL CAPACITY EVALUATION & REPORT,By Part FCE (BTE PRIMUS),SAU SENG LUM REHABILITATION CENTRE (PUCHONG),200-500
SELANGOR,FUNCTIONAL CAPACITY EVALUATION & REPORT,By Part FCE (BTE PRIMUS),SAU SENG LUM REHABILITATION CENTRE (PETALING JAYA),200-500
SELANGOR,FUNCTIONAL CAPACITY EVALUATION & REPORT,By Part FCE (BTE PRIMUS),JOINCARE REHABILITATION CENTRE (SUBANG JAYA),200-500
SELANGOR,FUNCTIONAL CAPACITY EVALUATION & REPORT,By Part FCE (BTE PRIMUS),JOINCARE REHABILITATION CENTRE (KLANG),200-500
SELANGOR,SERVICES BY MODALITIES,Basic Equipment -Therapeutic Ultrasound,MY PHYSIO & REHAB CENTRE (SEPANG),50.0
KUALA LUMPUR,PHYSIOTHERAPY,Pain Management,DIAMAGNETIC PHYSIO CENTRE SDN BHD (CHERAS),95.0
KUALA LUMPUR,ASSESSMENT & REPORT,General Ot Assessment & Report,NURSINAR GLOBAL ENTERPRISE (TAMAN SETIAWANGSA),50.0
Zon UTARA,PHYSIOTHERAPY,Pain Management,DIAMAGNETIC PHYSIO CENTRE SDN BHD (IPOH),95.0
Zon UTARA,PHYSIOTHERAPY,Pain Management,YAYASAN SULTAN IDRIS SHAH BAGI ORANG KURANG UPAYA PERAK (IPOH),50.0
ZON LEMBAH KLANG NEW,ASSESSMENT & REPORT,General Ot Assessment & Report,REGEN REHABILITATION INTERNATIONAL SDN BHD (PETALING JAYA),80.0
ZON LEMBAH KLANG NEW,SERVICES BY MODALITIES,Basic Equipment -Therapeutic Ultrasound,MY PHYSIO & REHAB CENTRE (SEPANG),50.0
